Zone,Family,Member,Link,Collected
Zangarmarsh,Ray,"Count" Ungula,https://www.wow-petopia.com/npc.php?id=18285, N
Zangarmarsh,Wasp,Blacksting,https://www.wow-petopia.com/npc.php?id=18283, N
Zangarmarsh,Water Strider,Boglash,https://www.wow-petopia.com/npc.php?id=18281, N
Zangarmarsh,Water Strider,Marticar,https://www.wow-petopia.com/npc.php?id=18680, N
Zangarmarsh,Hydra,Mragesh,https://www.wow-petopia.com/npc.php?id=18286, N
Zangarmarsh,Sporebat,Sporewing,https://www.wow-petopia.com/npc.php?id=18280, N
Un'Goro Crater,Mechanical,A-Me 02,https://www.wow-petopia.com/npc.php?id=107836, N
Un'Goro Crater,Aqiri,Clutchmother Zavas,https://www.wow-petopia.com/npc.php?id=6582, N
Un'Goro Crater,Aqiri,Gorishi Fledgling Colossus,https://www.wow-petopia.com/npc.php?id=38305, N
Un'Goro Crater,Scalehide,Gruff,https://www.wow-petopia.com/npc.php?id=6583, N
Un'Goro Crater,Devilsaur,King Mosh,https://www.wow-petopia.com/npc.php?id=6584, N
Un'Goro Crater,Raptor,Lar'korwi,https://www.wow-petopia.com/npc.php?id=9684, N
Un'Goro Crater,Raptor,Ravasaur Matriarch,https://www.wow-petopia.com/npc.php?id=6581, N
Un'Goro Crater,Gorilla,U'cha,https://www.wow-petopia.com/npc.php?id=9622, N
Un'Goro Crater,Gorilla,Uhk'loc,https://www.wow-petopia.com/npc.php?id=6585, N
Island Expeditions (Scenario),Crab,Abyss Crawler,https://www.wow-petopia.com/npc.php?id=134798, N
Island Expeditions (Scenario),Crab,Fathomclaw,https://www.wow-petopia.com/npc.php?id=134799, N
Island Expeditions (Scenario),Hound,Blazeseeker,https://www.wow-petopia.com/npc.php?id=140560, N
Island Expeditions (Scenario),Hound,Soul Hunter,https://www.wow-petopia.com/npc.php?id=138851, N
Island Expeditions (Scenario),Serpent,Bloodbore,https://www.wow-petopia.com/npc.php?id=140692, N
Island Expeditions (Scenario),Wolf,Bloodscent the Tracker,https://www.wow-petopia.com/npc.php?id=140070, N
Island Expeditions (Scenario),Wolf,Dampfur the Musky,https://www.wow-petopia.com/npc.php?id=140296, N
Island Expeditions (Scenario),Wolf,Direprowl the Ravager,https://www.wow-petopia.com/npc.php?id=140072, N
Island Expeditions (Scenario),Wolf,Gol'kun the Vicious,https://www.wow-petopia.com/npc.php?id=140298, N
Island Expeditions (Scenario),Wolf,Old One-Fang,https://www.wow-petopia.com/npc.php?id=140071, N
Island Expeditions (Scenario),Wolf,Ripshread,https://www.wow-petopia.com/npc.php?id=140300, N
Island Expeditions (Scenario),Wolf,Scarpaw,https://www.wow-petopia.com/npc.php?id=140301, N
Island Expeditions (Scenario),Hopper,Bogbelcher,https://www.wow-petopia.com/npc.php?id=144827, N
Island Expeditions (Scenario),Hopper,Man-Eater,https://www.wow-petopia.com/npc.php?id=144826, N
Island Expeditions (Scenario),Hopper,Thundercroak,https://www.wow-petopia.com/npc.php?id=144829, N
Island Expeditions (Scenario),Hopper,Whiptongue,https://www.wow-petopia.com/npc.php?id=144833, N
Island Expeditions (Scenario),Hopper,Yaz'za the Devourer,https://www.wow-petopia.com/npc.php?id=144830, N
Island Expeditions (Scenario),Basilisk,Dustfang,https://www.wow-petopia.com/npc.php?id=130338, N
Island Expeditions (Scenario),Basilisk,Gorespike,https://www.wow-petopia.com/npc.php?id=130584, N
Island Expeditions (Scenario),Lesser Dragonkin,Skycrack,https://www.wow-petopia.com/npc.php?id=139486, N
Azj-Kahet,Serpent,Abyssal Devourer,https://www.wow-petopia.com/npc.php?id=216031, N
Azj-Kahet,Beetle,Maddened Siegebomber,https://www.wow-petopia.com/npc.php?id=216044, N
Azj-Kahet,Blood Beast,Vilewing,https://www.wow-petopia.com/npc.php?id=216037, N
Azj-Kahet,Spider,Xishorr,https://www.wow-petopia.com/npc.php?id=216039, N
Silithus,Serpent,Acroniss,https://www.wow-petopia.com/npc.php?id=50737, N
Silithus,Aqiri,Bornix the Burrower,https://www.wow-petopia.com/npc.php?id=50746, N
Silithus,Aqiri,Lapress,https://www.wow-petopia.com/npc.php?id=14473, N
Silithus,Aqiri,Losaj,https://www.wow-petopia.com/npc.php?id=50745, N
Silithus,Aqiri,Manax,https://www.wow-petopia.com/npc.php?id=50743, N
Silithus,Aqiri,Qem,https://www.wow-petopia.com/npc.php?id=50742, N
Silithus,Aqiri,Qroshekx,https://www.wow-petopia.com/npc.php?id=132578, N
Silithus,Aqiri,Qu'rik,https://www.wow-petopia.com/npc.php?id=50744, N
Silithus,Aqiri,Ssinkrix,https://www.wow-petopia.com/npc.php?id=132580, N
Silithus,Aqiri,Tix,https://www.wow-petopia.com/npc.php?id=50747, N
Silithus,Aqiri,Xaarshej,https://www.wow-petopia.com/npc.php?id=132584, N
Silithus,Scorpid,Deathclasp,https://www.wow-petopia.com/npc.php?id=15196, N
Silithus,Scorpid,Krellack,https://www.wow-petopia.com/npc.php?id=14476, N
Silithus,Scorpid,Toxx,https://www.wow-petopia.com/npc.php?id=51004, N
Silithus,Wasp,Ffexk the Dunestalker,https://www.wow-petopia.com/npc.php?id=50897, N
Silithus,Wasp,Rex Ashil,https://www.wow-petopia.com/npc.php?id=14475, N
Silithus,Wasp,Zora,https://www.wow-petopia.com/npc.php?id=14474, N
Silithus,Spider,Gretheer,https://www.wow-petopia.com/npc.php?id=14472, N
Silithus,Worm,Grubthor,https://www.wow-petopia.com/npc.php?id=14477, N
Silithus,Ravager,Karapax,https://www.wow-petopia.com/npc.php?id=50370, N
Ragefire Chasm (Dungeon),Hound,Adarogg,https://www.wow-petopia.com/npc.php?id=61408, N
Northern Stranglethorn,Crab,Adult Truesilver Crab,https://www.wow-petopia.com/npc.php?id=101624, N
Northern Stranglethorn,Cat,Bhag'thera,https://www.wow-petopia.com/npc.php?id=728, N
Northern Stranglethorn,Cat,King Bangalash,https://www.wow-petopia.com/npc.php?id=731, N
Northern Stranglethorn,Cat,Pogeyan,https://www.wow-petopia.com/npc.php?id=51663, N
Northern Stranglethorn,Cat,Sin'Dall,https://www.wow-petopia.com/npc.php?id=729, N
Northern Stranglethorn,Crocolisk,Mahamba,https://www.wow-petopia.com/npc.php?id=51662, N
Northern Stranglethorn,Raptor,Tethis,https://www.wow-petopia.com/npc.php?id=730, N
Northern Stranglethorn,Gorilla,Tsul'Kalu,https://www.wow-petopia.com/npc.php?id=51661, N
Bastion,Courser,Aethon,https://www.wow-petopia.com/npc.php?id=161528, N
Bastion,Feathermane,Ariella,https://www.wow-petopia.com/npc.php?id=164819, N
Bastion,Feathermane,Basilofos, King of the Hill,https://www.wow-petopia.com/npc.php?id=170659, N
Bastion,Feathermane,Kala,https://www.wow-petopia.com/npc.php?id=158254, N
Bastion,Feathermane,Leonid,https://www.wow-petopia.com/npc.php?id=159612, N
Bastion,Feathermane, Nemaeus,https://www.wow-petopia.com/npc.php?id=161529, N
Bastion,Carrion Bird,Cloudfeather Guardian,https://www.wow-petopia.com/npc.php?id=170932, N
Bastion,Carrion Bird,Darkwing,https://www.wow-petopia.com/npc.php?id=168402, N
Bastion,Fox,Cloudtail,https://www.wow-petopia.com/npc.php?id=161530, N
Bastion,Waterfowl,Gorgebeak,https://www.wow-petopia.com/npc.php?id=168240, N
Bastion,Chimaera,Marrowmaw,https://www.wow-petopia.com/npc.php?id=167433, N
Bastion,Wind Serpent,Ravenous Etherwyrm,https://www.wow-petopia.com/npc.php?id=158771, N
Bastion,Wind Serpent,Vyrm the Ravenous,https://www.wow-petopia.com/npc.php?id=158179, N
Bastion,Turtle,Sigilback,https://www.wow-petopia.com/npc.php?id=161527, N
Tanaris,Aqiri,Ainamiss the Hive Queen,https://www.wow-petopia.com/npc.php?id=47386, N
Tanaris,Aqiri,Haarka the Ravenous,https://www.wow-petopia.com/npc.php?id=8205, N
Tanaris,Aqiri,Harakiss the Infestor,https://www.wow-petopia.com/npc.php?id=47387, N
Tanaris,Aqiri,Sarinexx,https://www.wow-petopia.com/npc.php?id=39149, N
Tanaris,Aqiri,Soriid the Devourer,https://www.wow-petopia.com/npc.php?id=8204, N
Tanaris,Carrion Bird,Emberwing,https://www.wow-petopia.com/npc.php?id=8207, N
Tanaris,Scorpid,Gargantapid,https://www.wow-petopia.com/npc.php?id=40581, N
Tanaris,Scorpid,Scorpitar,https://www.wow-petopia.com/npc.php?id=39183, N
Tanaris,Basilisk,Hellgazer,https://www.wow-petopia.com/npc.php?id=39186, N
Tanaris,Hyena,Slaverjaw,https://www.wow-petopia.com/npc.php?id=39185, N
Vol'dun,Pterrordax,Ak'tar,https://www.wow-petopia.com/npc.php?id=135852, N
Vol'dun,Hyena,Ashmane,https://www.wow-petopia.com/npc.php?id=130439, N
Vol'dun,Hyena,Gnarl,https://www.wow-petopia.com/npc.php?id=135338, N
Vol'dun,Hyena,Snarl,https://www.wow-petopia.com/npc.php?id=135339, N
Vol'dun,Hyena,Snarltooth,https://www.wow-petopia.com/npc.php?id=126644, N
Vol'dun,Carapid,Bloated Krolusk,https://www.wow-petopia.com/npc.php?id=129476, N
Vol'dun,Carapid,Enraged Krolusk,https://www.wow-petopia.com/npc.php?id=136335, N
Vol'dun,Lizard,Bloodcrest,https://www.wow-petopia.com/npc.php?id=133853, N
Vol'dun,Lizard,Scaleclaw Broodmother,https://www.wow-petopia.com/npc.php?id=127776, N
Vol'dun,Carrion Bird,Bloodwing Bonepicker,https://www.wow-petopia.com/npc.php?id=136393, N
Vol'dun,Carrion Bird,Gutgut,https://www.wow-petopia.com/npc.php?id=138596, N
Vol'dun,Serpent,Colossal Water Cobra,https://www.wow-petopia.com/npc.php?id=127169, N
Vol'dun,Serpent,Sevriss,https://www.wow-petopia.com/npc.php?id=136593, N
Vol'dun,Serpent,Vathikur,https://www.wow-petopia.com/npc.php?id=130401, N
Vol'dun,Devilsaur,Dunegorger Kraulok,https://www.wow-petopia.com/npc.php?id=138794, N
Vol'dun,Bird of Prey,First Mate Swainbeak,https://www.wow-petopia.com/npc.php?id=133843, N
Vol'dun,Hydra,Golanar,https://www.wow-petopia.com/npc.php?id=129027, N
Vol'dun,Wasp,Hivemother Kraxi,https://www.wow-petopia.com/npc.php?id=130443, N
Vol'dun,Crab,Jumbo Sandsnapper,https://www.wow-petopia.com/npc.php?id=129283, N
Vol'dun,Crab,King Clickyclack,https://www.wow-petopia.com/npc.php?id=137681, N
Vol'dun,Spider,Jungleweb Hunter,https://www.wow-petopia.com/npc.php?id=136341, N
Vol'dun,Scorpid,Scorpox,https://www.wow-petopia.com/npc.php?id=136336, N
Dread Wastes,Aqiri,Akkolon,https://www.wow-petopia.com/npc.php?id=66783, N
Dread Wastes,Aqiri,Karanosh,https://www.wow-petopia.com/npc.php?id=64724, N
Dread Wastes,Crocolisk,Coldbite Matriarch,https://www.wow-petopia.com/npc.php?id=62008, N
Dread Wastes,Water Strider,Hexapos,https://www.wow-petopia.com/npc.php?id=50960, N
Dread Wastes,Shale Beast,Kypa'rak,https://www.wow-petopia.com/npc.php?id=65229, N
Dread Wastes,Oxen,Pengsong,https://www.wow-petopia.com/npc.php?id=66587, N
Highmountain,Bird of Prey,Ala'washte,https://www.wow-petopia.com/npc.php?id=104481, N
Highmountain,Bird of Prey,Crawshuk the Hungry,https://www.wow-petopia.com/npc.php?id=97345, N
Highmountain,Bird of Prey,Irewing,https://www.wow-petopia.com/npc.php?id=95762, N
Highmountain,Bear,Arru,https://www.wow-petopia.com/npc.php?id=97220, N
Highmountain,Bear,Bristlemaul,https://www.wow-petopia.com/npc.php?id=97449, N
Highmountain,Bear,Slumber,https://www.wow-petopia.com/npc.php?id=98890, N
Highmountain,Stag,Morashu,https://www.wow-petopia.com/npc.php?id=94694, N
Highmountain,Cat,Rashar,https://www.wow-petopia.com/npc.php?id=97454, N
Highmountain,Cat,Sekhan,https://www.wow-petopia.com/npc.php?id=101077, N
Highmountain,Basilisk,Spinesever,https://www.wow-petopia.com/npc.php?id=100841, N
Highmountain,Crab,Tamed Coralback,https://www.wow-petopia.com/npc.php?id=97928, N
Highmountain,Mechanical,Treble,https://www.wow-petopia.com/npc.php?id=107951, N
Darkshore,Chimaera,Alash'anir,https://www.wow-petopia.com/npc.php?id=148787, N
Darkshore,Tallstrider,Fleetfoot,https://www.wow-petopia.com/npc.php?id=32997, N
Darkshore,Tallstrider,Strider Clutchmother,https://www.wow-petopia.com/npc.php?id=2172, N
Darkshore,Crab,Glimmerspine,https://www.wow-petopia.com/npc.php?id=149654, N
Darkshore,Cat,Shadowclaw,https://www.wow-petopia.com/npc.php?id=2175, N
Darkshore,Cat,Shadowclaw,https://www.wow-petopia.com/npc.php?id=149663, N
Western Plaguelands,Bird of Prey,Alit,https://www.wow-petopia.com/npc.php?id=50345, N
Western Plaguelands,Beetle,Aphis,https://www.wow-petopia.com/npc.php?id=51058, N
Western Plaguelands,Boar,Hamhide,https://www.wow-petopia.com/npc.php?id=50937, N
Western Plaguelands,Carrion Bird,Heress,https://www.wow-petopia.com/npc.php?id=50809, N
Western Plaguelands,Spider,Ironweb,https://www.wow-petopia.com/npc.php?id=50778, N
Western Plaguelands,Bear,Mange,https://www.wow-petopia.com/npc.php?id=50931, N
Western Plaguelands,Wasp,Mutilax,https://www.wow-petopia.com/npc.php?id=50906, N
Western Plaguelands,Worm,Parasitus,https://www.wow-petopia.com/npc.php?id=51029, N
Western Plaguelands,Hound,Tracker,https://www.wow-petopia.com/npc.php?id=51031, N
Western Plaguelands,Wolf,Warg,https://www.wow-petopia.com/npc.php?id=50922, N
Hillsbrad Foothills,Bird of Prey,Alitus,https://www.wow-petopia.com/npc.php?id=50335, N
Hillsbrad Foothills,Cat,Araga,https://www.wow-petopia.com/npc.php?id=14222, N
Hillsbrad Foothills,Cat,The Dark Prowler,https://www.wow-petopia.com/npc.php?id=50818, N
Hillsbrad Foothills,Bear,Big Samras,https://www.wow-petopia.com/npc.php?id=14280, N
Hillsbrad Foothills,Bear,Little Bjorn,https://www.wow-petopia.com/npc.php?id=50929, N
Hillsbrad Foothills,Crab,Carcinak,https://www.wow-petopia.com/npc.php?id=50955, N
Hillsbrad Foothills,Worm,Chordix,https://www.wow-petopia.com/npc.php?id=51022, N
Hillsbrad Foothills,Turtle,Cranky Benj,https://www.wow-petopia.com/npc.php?id=14223, N
Hillsbrad Foothills,Crocolisk,Craw the Ravager,https://www.wow-petopia.com/npc.php?id=50967, N
Hillsbrad Foothills,Spider,Creepthess,https://www.wow-petopia.com/npc.php?id=14279, N
Hillsbrad Foothills,Spider,Miasmiss,https://www.wow-petopia.com/npc.php?id=50765, N
Hillsbrad Foothills,Moth,Dustwing,https://www.wow-petopia.com/npc.php?id=50858, N
Hillsbrad Foothills,Fox,Lopex,https://www.wow-petopia.com/npc.php?id=51076, N
Hillsbrad Foothills,Beetle,Weevil,https://www.wow-petopia.com/npc.php?id=51057, N
Dragonblight,Bird of Prey,Alystros the Verdant Keeper,https://www.wow-petopia.com/npc.php?id=27249, N
Dragonblight,Carrion Bird,Dreadtalon,https://www.wow-petopia.com/npc.php?id=26838, N
Dragonblight,Crab,Kili'ua,https://www.wow-petopia.com/npc.php?id=26521, N
Dragonblight,Worm,Rattlebore,https://www.wow-petopia.com/npc.php?id=26360, N
Dragonblight,Mammoth,Tukemuth,https://www.wow-petopia.com/npc.php?id=32400, N
Shadowmoon Valley - Draenor,Chimaera,Amaukwa,https://www.wow-petopia.com/npc.php?id=77140, Y
Shadowmoon Valley - Draenor,Courser,Argyle,https://www.wow-petopia.com/npc.php?id=81307, N - horde only
Shadowmoon Valley - Draenor,Courser,Preston,https://www.wow-petopia.com/npc.php?id=81306, N - horde only
Shadowmoon Valley - Draenor,Bird of Prey,Darktalon,https://www.wow-petopia.com/npc.php?id=82411, Y
Shadowmoon Valley - Draenor,Spirit Beast,Gara,https://www.wow-petopia.com/npc.php?id=88708, N - https://www.wowhead.com/npc=88708/gara#comments step3
Shadowmoon Valley - Draenor,Mammoth,Great-Tusk,https://www.wow-petopia.com/npc.php?id=87083, Y
Shadowmoon Valley - Draenor,Mammoth,Kuu'rat,https://www.wow-petopia.com/npc.php?id=75484, Y
Shadowmoon Valley - Draenor,Hopper,Hypnocroak,https://www.wow-petopia.com/npc.php?id=79524, Y
Shadowmoon Valley - Draenor,Warp Stalker,Insha'tar,https://www.wow-petopia.com/npc.php?id=83553, Y
Shadowmoon Valley - Draenor,Wolf,Killmaw,https://www.wow-petopia.com/npc.php?id=74206, Y
Shadowmoon Valley - Draenor,Wasp,Kliaa,https://www.wow-petopia.com/npc.php?id=76438, Y
Shadowmoon Valley - Draenor,Stag,Maa'run,https://www.wow-petopia.com/npc.php?id=76442, Y
Shadowmoon Valley - Draenor,Riverbeast,Rockhoof,https://www.wow-petopia.com/npc.php?id=72606, Y
Shadowmoon Valley - Draenor,Sporebat,Veloss,https://www.wow-petopia.com/npc.php?id=75482, Y
Deepholm,Shale Beast,Amthea,https://www.wow-petopia.com/npc.php?id=47072, N
Deepholm,Shale Beast,Jadefang,https://www.wow-petopia.com/npc.php?id=49822, N
Deepholm,Shale Beast,Terborus,https://www.wow-petopia.com/npc.php?id=50060, N
Deepholm,Bat,Blood Seeker,https://www.wow-petopia.com/npc.php?id=3868, N
Deepholm,Basilisk,Gorgonite,https://www.wow-petopia.com/npc.php?id=43339, N
Uldum,Bird of Prey,Anaua,https://www.wow-petopia.com/npc.php?id=151883, N
Uldum,Aqiri,Anq'uri the Titanic,https://www.wow-petopia.com/npc.php?id=155703, N
Uldum,Aqiri,Aqir Titanus,https://www.wow-petopia.com/npc.php?id=154576, N
Uldum,Aqiri,Lord Aj'qirai,https://www.wow-petopia.com/npc.php?id=154604, N
Uldum,Aqiri,R'krox the Runt,https://www.wow-petopia.com/npc.php?id=162173, N
Uldum,Aqiri,Vuk'laz the Earthbreaker,https://www.wow-petopia.com/npc.php?id=160970, N
Uldum,Wasp,Corpse Eater,https://www.wow-petopia.com/npc.php?id=162147, N
Uldum,Wasp,Skikx'traz,https://www.wow-petopia.com/npc.php?id=162140, N
Uldum,Cat,Ekashim,https://www.wow-petopia.com/npc.php?id=157121, N
Uldum,Cat,Senbu the Pridefather,https://www.wow-petopia.com/npc.php?id=151948, N
Uldum,Crocolisk,Gorebite,https://www.wow-petopia.com/npc.php?id=46278, N
Uldum,Crocolisk,Khamen,https://www.wow-petopia.com/npc.php?id=46281, N
Uldum,Crocolisk,Thartep,https://www.wow-petopia.com/npc.php?id=46280, N
Uldum,Scorpid,Madexx,https://www.wow-petopia.com/npc.php?id=50154, N
Uldum,Scorpid,Madexx,https://www.wow-petopia.com/npc.php?id=51403, N
Uldum,Scorpid,Madexx,https://www.wow-petopia.com/npc.php?id=51404, N
Uldum,Scorpid,Madexx,https://www.wow-petopia.com/npc.php?id=51402, N
Uldum,Scorpid,Madexx,https://www.wow-petopia.com/npc.php?id=51401, N
Uldum,Beetle,Qho,https://www.wow-petopia.com/npc.php?id=162142, N
Uldum,Hyena,Skarf,https://www.wow-petopia.com/npc.php?id=45204, N
Uldum,Hyena,Tat the Bonechewer,https://www.wow-petopia.com/npc.php?id=152657, N
Suramar,Hopper,Anax,https://www.wow-petopia.com/npc.php?id=111197, N
Suramar,Basilisk,Baconlisk,https://www.wow-petopia.com/npc.php?id=103787, N
Suramar,Basilisk,Managazer,https://www.wow-petopia.com/npc.php?id=103808, N
Suramar,Wolf,Gloomfang,https://www.wow-petopia.com/npc.php?id=104226, N
Suramar,Wolf,Maia the White,https://www.wow-petopia.com/npc.php?id=112497, N
Suramar,Feathermane,Lalathin,https://www.wow-petopia.com/npc.php?id=121540, N
Suramar,Feathermane,Rauren,https://www.wow-petopia.com/npc.php?id=105547, N
Suramar,Turtle,Mar'tura,https://www.wow-petopia.com/npc.php?id=112802, N
Suramar,Spirit Beast,Myonix,https://www.wow-petopia.com/npc.php?id=110340, N
Suramar,Spirit Beast,Pashya,https://www.wow-petopia.com/npc.php?id=113694, N
Suramar,Crab,Pinchshank,https://www.wow-petopia.com/npc.php?id=107846, N
Suramar,Crab,Tideclaw,https://www.wow-petopia.com/npc.php?id=110824, N
Suramar,Bird of Prey,Shadowquill,https://www.wow-petopia.com/npc.php?id=103841, N
Nazmir,Crocolisk,Ancient Jawbreaker,https://www.wow-petopia.com/npc.php?id=125250, N
Nazmir,Crocolisk,Venomjaw,https://www.wow-petopia.com/npc.php?id=126926, N
Nazmir,Serpent,Ayame,https://www.wow-petopia.com/npc.php?id=133980, N
Nazmir,Raptor,Bajiatha,https://www.wow-petopia.com/npc.php?id=126142, N
Nazmir,Raptor,Scrounger Patriarch,https://www.wow-petopia.com/npc.php?id=127873, N
Nazmir,Raptor,Zanxib,https://www.wow-petopia.com/npc.php?id=133812, N
Nazmir,Devilsaur,Gruesh,https://www.wow-petopia.com/npc.php?id=128051, N
Nazmir,Devilsaur,Urok,https://www.wow-petopia.com/npc.php?id=123757, N
Nazmir,Devilsaur,Vilebone Ravager,https://www.wow-petopia.com/npc.php?id=134852, N
Nazmir,Direhorn,Infected Direhorn,https://www.wow-petopia.com/npc.php?id=124399, N
Nazmir,Direhorn,Juba the Scarred,https://www.wow-petopia.com/npc.php?id=133527, N
Nazmir,Direhorn,Tojek,https://www.wow-petopia.com/npc.php?id=136381, N
Nazmir,Pterrordax,Jarkadiax,https://www.wow-petopia.com/npc.php?id=126703, N
Nazmir,Pterrordax,Kal'draxa,https://www.wow-petopia.com/npc.php?id=124397, N
Nazmir,Pterrordax,Makatau,https://www.wow-petopia.com/npc.php?id=143898, N
Nazmir,Gorilla,King Kooba,https://www.wow-petopia.com/npc.php?id=129005, N
Nazmir,Crab,Krubbs,https://www.wow-petopia.com/npc.php?id=125214, N
Nazmir,Riverbeast,Lo'kuno,https://www.wow-petopia.com/npc.php?id=133539, N
Nazmir,Spider,Lucille,https://www.wow-petopia.com/npc.php?id=134296, N
Nazmir,Hound,Milo,https://www.wow-petopia.com/npc.php?id=139563, N
Nazmir,Hound,Spitz,https://www.wow-petopia.com/npc.php?id=139562, N
Nazmir,Lizard,Overstuffed Saurolisk,https://www.wow-petopia.com/npc.php?id=124375, N
Nazmir,Wasp,Queen Tzxi'kik,https://www.wow-petopia.com/npc.php?id=128974, N
Vale of Eternal Blossoms,Stone Hound,Anh-De the Loyal,https://www.wow-petopia.com/npc.php?id=157466, N
Vale of Eternal Blossoms,Stone Hound,Jade Watcher,https://www.wow-petopia.com/npc.php?id=157290, N
Vale of Eternal Blossoms,Stone Hound,Portent,https://www.wow-petopia.com/npc.php?id=50843, N
Vale of Eternal Blossoms,Stone Hound,Rusan,https://www.wow-petopia.com/npc.php?id=158409, N
Vale of Eternal Blossoms,Stone Hound,Wulon,https://www.wow-petopia.com/npc.php?id=63510, N
Vale of Eternal Blossoms,Spider,Bloodtip,https://www.wow-petopia.com/npc.php?id=58474, N
Vale of Eternal Blossoms,Wolf,Cracklefang,https://www.wow-petopia.com/npc.php?id=58768, N
Vale of Eternal Blossoms,Wolf,Stormhowl,https://www.wow-petopia.com/npc.php?id=157279, N
Vale of Eternal Blossoms,Aqiri,Destroyer Krox'tazar,https://www.wow-petopia.com/npc.php?id=160872, N
Vale of Eternal Blossoms,Lesser Dragonkin,Haofeng,https://www.wow-petopia.com/npc.php?id=157341, N
Vale of Eternal Blossoms,Lesser Dragonkin,Milau,https://www.wow-petopia.com/npc.php?id=64965, N
Vale of Eternal Blossoms,Lesser Dragonkin,Rei Lun,https://www.wow-petopia.com/npc.php?id=157162, N
Vale of Eternal Blossoms,Crab,Kalan'ii,https://www.wow-petopia.com/npc.php?id=50958, N
Vale of Eternal Blossoms,Scorpid,Kri'chon,https://www.wow-petopia.com/npc.php?id=63978, N
Vale of Eternal Blossoms,Hound,Sanguifang,https://www.wow-petopia.com/npc.php?id=156083, N
Dustwallow Marsh,Wind Serpent,Anith,https://www.wow-petopia.com/npc.php?id=50784, N
Dustwallow Marsh,Wind Serpent,Hayoc,https://www.wow-petopia.com/npc.php?id=14234, N
Dustwallow Marsh,Serpent,Blinkeye the Rattler,https://www.wow-petopia.com/npc.php?id=50735, N
Dustwallow Marsh,Spider,Darkmist Broodqueen,https://www.wow-petopia.com/npc.php?id=45227, N
Dustwallow Marsh,Spider,Darkmist Widow,https://www.wow-petopia.com/npc.php?id=4380, N
Dustwallow Marsh,Spider,Paraliss,https://www.wow-petopia.com/npc.php?id=50764, N
Dustwallow Marsh,Raptor,Dart,https://www.wow-petopia.com/npc.php?id=14232, N
Dustwallow Marsh,Raptor,Goreclaw the Ravenous,https://www.wow-petopia.com/npc.php?id=23873, N
Dustwallow Marsh,Raptor, Nychus,https://www.wow-petopia.com/npc.php?id=50875, N
Dustwallow Marsh,Crocolisk,Deadmire,https://www.wow-petopia.com/npc.php?id=4841, N
Dustwallow Marsh,Crocolisk,Ripscale,https://www.wow-petopia.com/npc.php?id=14233, N
Dustwallow Marsh,Bird of Prey,Heronis,https://www.wow-petopia.com/npc.php?id=50342, N
Dustwallow Marsh,Crab,Hugeclaw,https://www.wow-petopia.com/npc.php?id=50957, N
Dustwallow Marsh,Mechanical,Model GU-4RD-3R,https://www.wow-petopia.com/npc.php?id=115479, N
Dustwallow Marsh,Worm,Oozeworm,https://www.wow-petopia.com/npc.php?id=14237, N
Dustwallow Marsh,Beetle,Roth-Salam,https://www.wow-petopia.com/npc.php?id=51061, N
Dustwallow Marsh,Shale Beast,Scintillex,https://www.wow-petopia.com/npc.php?id=51069, N
Dustwallow Marsh,Boar,Scruff,https://www.wow-petopia.com/npc.php?id=50945, N
Dustwallow Marsh,Wolf,Spot,https://www.wow-petopia.com/npc.php?id=4950, N
Dustwallow Marsh,Wasp,Teromak,https://www.wow-petopia.com/npc.php?id=50901, N
Mount Hyjal,Spirit Beast,Ankha,https://www.wow-petopia.com/npc.php?id=54318, N
Mount Hyjal,Spirit Beast,Ban'thalos,https://www.wow-petopia.com/npc.php?id=54320, N
Mount Hyjal,Spirit Beast,Magria,https://www.wow-petopia.com/npc.php?id=54319, N
Mount Hyjal,Bird of Prey,Blaithe,https://www.wow-petopia.com/npc.php?id=41084, N
Mount Hyjal,Hound,Kelbnar,https://www.wow-petopia.com/npc.php?id=53265, N
Mount Hyjal,Core Hound,Smolderos the Carbonizer,https://www.wow-petopia.com/npc.php?id=39348, N
Mount Hyjal,Basilisk,Spinescale Matriarch,https://www.wow-petopia.com/npc.php?id=40403, N
Mount Hyjal,Turtle,Terrorpene,https://www.wow-petopia.com/npc.php?id=50058, N
Molten Front,Spider,Anthriss,https://www.wow-petopia.com/npc.php?id=54338, N
Molten Front,Spider,Deth'tilac,https://www.wow-petopia.com/npc.php?id=54322, N
Molten Front,Spider,Kirix,https://www.wow-petopia.com/npc.php?id=54323, N
Molten Front,Spider,Skitterflame,https://www.wow-petopia.com/npc.php?id=54324, N
Molten Front,Spider,Solix,https://www.wow-petopia.com/npc.php?id=54321, N
Molten Front,Crab,Karkin,https://www.wow-petopia.com/npc.php?id=50959, N
Molten Front,Cat,Skarr,https://www.wow-petopia.com/npc.php?id=50815, N
Azshara,Feathermane,Antilos,https://www.wow-petopia.com/npc.php?id=6648, N
Azshara,Mechanical, N.U.T.Z.,https://www.wow-petopia.com/npc.php?id=107477, N
Azshara,Turtle,Scalebeard,https://www.wow-petopia.com/npc.php?id=13896, N
Azshara,Chimaera,The Evalcharr,https://www.wow-petopia.com/npc.php?id=8660, N
Feralas,Feathermane,Antilus the Soarer,https://www.wow-petopia.com/npc.php?id=5347, N
Feralas,Feathermane,Skystormer,https://www.wow-petopia.com/npc.php?id=90816, N
Feralas,Wind Serpent,Arash-ethis,https://www.wow-petopia.com/npc.php?id=5349, N
Feralas,Bear,Old Grizzlegut,https://www.wow-petopia.com/npc.php?id=5352, N
Feralas,Wasp,Qirot,https://www.wow-petopia.com/npc.php?id=5350, N
Feralas,Wasp,Stinglasher,https://www.wow-petopia.com/npc.php?id=14661, N
Feralas,Wolf,Snarler,https://www.wow-petopia.com/npc.php?id=5356, N
Feralas,Chimaera,The Razza,https://www.wow-petopia.com/npc.php?id=11497, N
Nagrand - Draenor,Warp Stalker,Aogexon,https://www.wow-petopia.com/npc.php?id=86774, N
Nagrand - Draenor,Clefthoof,Banthar,https://www.wow-petopia.com/npc.php?id=82119, N
Nagrand - Draenor,Clefthoof,Bergruu,https://www.wow-petopia.com/npc.php?id=86732, N
Nagrand - Draenor,Clefthoof,Flinthide,https://www.wow-petopia.com/npc.php?id=83483, N
Nagrand - Draenor,Clefthoof, Nakk the Thunderer,https://www.wow-petopia.com/npc.php?id=50990, N
Nagrand - Draenor,Mammoth,Dekorhan,https://www.wow-petopia.com/npc.php?id=86743, N
Nagrand - Draenor,Mammoth,Luk'hok,https://www.wow-petopia.com/npc.php?id=50981, N
Nagrand - Draenor,Stag,Direhoof,https://www.wow-petopia.com/npc.php?id=86729, N
Nagrand - Draenor,Stag,Gnarlhoof the Rabid,https://www.wow-petopia.com/npc.php?id=82778, N
Nagrand - Draenor,Stag,Tall Buck,https://www.wow-petopia.com/npc.php?id=82116, N
Nagrand - Draenor,Hydra,Gaz'orda,https://www.wow-petopia.com/npc.php?id=80122, N
Nagrand - Draenor,Hydra,Lernaea,https://www.wow-petopia.com/npc.php?id=80370, N
Nagrand - Draenor,Bird of Prey,Greatfeather,https://www.wow-petopia.com/npc.php?id=82758, N
Nagrand - Draenor,Bird of Prey,Thek'talon,https://www.wow-petopia.com/npc.php?id=86750, N
Nagrand - Draenor,Wolf,Grizzlemaw,https://www.wow-petopia.com/npc.php?id=82912, N
Nagrand - Draenor,Wolf,Loup,https://www.wow-petopia.com/npc.php?id=82209, N
Nagrand - Draenor,Wolf,Lupe,https://www.wow-petopia.com/npc.php?id=82205, N
Nagrand - Draenor,Wolf,Maimclaw,https://www.wow-petopia.com/npc.php?id=87107, N
Nagrand - Draenor,Wolf,Shagor,https://www.wow-petopia.com/npc.php?id=80263, N
Nagrand - Draenor,Moth,Moth of Wrath,https://www.wow-petopia.com/npc.php?id=87089, N
Nagrand - Draenor,Riverbeast,Mu'gra,https://www.wow-petopia.com/npc.php?id=87666, N
Nagrand - Draenor,Pterrordax,Pit Beast,https://www.wow-petopia.com/npc.php?id=88208, N
Nagrand - Draenor,Boar,Porkchop,https://www.wow-petopia.com/npc.php?id=79483, N
Nagrand - Draenor,Chimaera,Tura'aka,https://www.wow-petopia.com/npc.php?id=83591, N
Nagrand - Draenor,Raptor,Vileclaw,https://www.wow-petopia.com/npc.php?id=88951, N
Nagrand - Draenor,Wasp,Xelganak,https://www.wow-petopia.com/npc.php?id=86835, N
Sholazar Basin,Bird of Prey,Aotona,https://www.wow-petopia.com/npc.php?id=32481, N
Sholazar Basin,Hound,Cerberon,https://www.wow-petopia.com/npc.php?id=28207, N
Sholazar Basin,Hound,Glonn,https://www.wow-petopia.com/npc.php?id=28211, N
Sholazar Basin,Clefthoof,Farunn,https://www.wow-petopia.com/npc.php?id=28288, N
Sholazar Basin,Gorilla,Hardknuckle Matriarch,https://www.wow-petopia.com/npc.php?id=28213, N
Sholazar Basin,Devilsaur,King Krush,https://www.wow-petopia.com/npc.php?id=32485, N
Sholazar Basin,Spirit Beast,Loque'nahak,https://www.wow-petopia.com/npc.php?id=32517, N
Sholazar Basin,Cat,Pitch,https://www.wow-petopia.com/npc.php?id=28097, N
Sholazar Basin,Cat,Shango,https://www.wow-petopia.com/npc.php?id=28297, N
Sholazar Basin,Crocolisk,Ravenous Mangal Crocolisk,https://www.wow-petopia.com/npc.php?id=28325, N
Sholazar Basin,Hydra,Spirit of Atha,https://www.wow-petopia.com/npc.php?id=29033, N
Sholazar Basin,Serpent,Venomtip,https://www.wow-petopia.com/npc.php?id=28358, N
The Rookery (Dungeon),Spirit Beast,Aradan,https://www.wow-petopia.com/npc.php?id=213428, N
Stonetalon Mountains,Carrion Bird,Arae,https://www.wow-petopia.com/npc.php?id=50812, N
Stonetalon Mountains,Tallstrider,Dustflight the Cowardly,https://www.wow-petopia.com/npc.php?id=50884, N
Stonetalon Mountains,Cat,Feras,https://www.wow-petopia.com/npc.php?id=50825, N
Stonetalon Mountains,Gorilla,Goldenback,https://www.wow-petopia.com/npc.php?id=50986, N
Stonetalon Mountains,Spider,Iriss the Widow,https://www.wow-petopia.com/npc.php?id=50759, N
Stonetalon Mountains,Spider,Queen Silith,https://www.wow-petopia.com/npc.php?id=41185, N
Stonetalon Mountains,Beetle,Khep-Re,https://www.wow-petopia.com/npc.php?id=51062, N
Stonetalon Mountains,Lesser Dragonkin, Nal'taszar,https://www.wow-petopia.com/npc.php?id=4066, N
Stonetalon Mountains,Feathermane,Pridewing Patriarch,https://www.wow-petopia.com/npc.php?id=4015, N
Stonetalon Mountains,Feathermane,Sorrow Wing,https://www.wow-petopia.com/npc.php?id=5928, N
Stonetalon Mountains,Bird of Prey,Quall,https://www.wow-petopia.com/npc.php?id=50343, N
Stonetalon Mountains,Wind Serpent,Sparkwing,https://www.wow-petopia.com/npc.php?id=50786, N
Stonetalon Mountains,Raptor,Tenok,https://www.wow-petopia.com/npc.php?id=50874, N
Stonetalon Mountains,Wasp,Volux,https://www.wow-petopia.com/npc.php?id=50895, N
Winterspring,Hound,Arcanus,https://www.wow-petopia.com/npc.php?id=51045, N
Winterspring,Clefthoof,Bornak the Gorer,https://www.wow-petopia.com/npc.php?id=50997, N
Winterspring,Clefthoof,Bruiser,https://www.wow-petopia.com/npc.php?id=50995, N
Winterspring,Clefthoof,Gal'dorak,https://www.wow-petopia.com/npc.php?id=50993, N
Winterspring,Chimaera,Brumeran,https://www.wow-petopia.com/npc.php?id=10807, N
Winterspring,Chimaera, Norissis,https://www.wow-petopia.com/npc.php?id=50348, N
Winterspring,Chimaera,Ronak,https://www.wow-petopia.com/npc.php?id=50346, N
Winterspring,Bird of Prey,Hell-Hoot,https://www.wow-petopia.com/npc.php?id=50044, N
Winterspring,Cat,Iceclaw,https://www.wow-petopia.com/npc.php?id=50819, N
Winterspring,Cat,Rak'Shiri,https://www.wow-petopia.com/npc.php?id=10200, N
Winterspring,Cat,Shy-Rotam,https://www.wow-petopia.com/npc.php?id=10737, N
Winterspring,Cat,Sian-Rotam,https://www.wow-petopia.com/npc.php?id=10741, N
Winterspring,Dragonhawk,Manas,https://www.wow-petopia.com/npc.php?id=50353, N
Winterspring,Wind Serpent,Quetzl,https://www.wow-petopia.com/npc.php?id=50788, N
Winterspring,Bear,Rimepelt,https://www.wow-petopia.com/npc.php?id=48765, N
Winterspring,Bear,Ursius,https://www.wow-petopia.com/npc.php?id=10806, N
Winterspring,Feathermane,Snowblind,https://www.wow-petopia.com/npc.php?id=16874, N
Winterspring,Worm,The Deep Tunneler,https://www.wow-petopia.com/npc.php?id=51028, N
Drustvar,Serpent,Arclight,https://www.wow-petopia.com/npc.php?id=137824, N
Drustvar,Feathermane,Avalanche,https://www.wow-petopia.com/npc.php?id=137825, N
Drustvar,Wasp,Barbthorn Queen,https://www.wow-petopia.com/npc.php?id=127333, N
Drustvar,Spider,Beshol,https://www.wow-petopia.com/npc.php?id=129805, N
Drustvar,Spider,Bilefang Mother,https://www.wow-petopia.com/npc.php?id=132319, N
Drustvar,Boar,Betsy,https://www.wow-petopia.com/npc.php?id=124548, N
Drustvar,Boar,Gorged Boar,https://www.wow-petopia.com/npc.php?id=138675, N
Drustvar,Bird of Prey,Brinebeak,https://www.wow-petopia.com/npc.php?id=127553, N
Drustvar,Bird of Prey,Talon,https://www.wow-petopia.com/npc.php?id=129950, N
Drustvar,Stag,Gorehorn,https://www.wow-petopia.com/npc.php?id=129835, N
Drustvar,Carrion Bird, Nevermore,https://www.wow-petopia.com/npc.php?id=130138, N
Drustvar,Rodent,Quillrat Matriarch,https://www.wow-petopia.com/npc.php?id=125453, N
Drustvar,Wolf,The Rime Huntress,https://www.wow-petopia.com/npc.php?id=136697, N
Drustvar,Crab,Vicemaul,https://www.wow-petopia.com/npc.php?id=127651, N
Grizzly Hills,Spirit Beast,Arcturis,https://www.wow-petopia.com/npc.php?id=38453, N
Grizzly Hills,Wolf,Goremaw,https://www.wow-petopia.com/npc.php?id=27578, N
Grizzly Hills,Wolf,Grizzlesnout,https://www.wow-petopia.com/npc.php?id=27523, N
Mulgore,Scalehide,Arra'chea,https://www.wow-petopia.com/npc.php?id=3058, N
Mulgore,Tallstrider,Mazzranache,https://www.wow-petopia.com/npc.php?id=3068, N
Mulgore,Cat,The Rake,https://www.wow-petopia.com/npc.php?id=5807, N
Loch Modan,Fox,Ashtail,https://www.wow-petopia.com/npc.php?id=45380, N
Loch Modan,Crocolisk,Gosh-Haldir,https://www.wow-petopia.com/npc.php?id=2476, N
Loch Modan,Carrion Bird,Lord Condar,https://www.wow-petopia.com/npc.php?id=14268, N
Loch Modan,Wasp, Nix,https://www.wow-petopia.com/npc.php?id=45402, N
Loch Modan,Bear,Ol' Sooty,https://www.wow-petopia.com/npc.php?id=1225, N
Loch Modan,Mechanical,Optimo,https://www.wow-petopia.com/npc.php?id=45399, N
Loch Modan,Spider,Shanda the Spinner,https://www.wow-petopia.com/npc.php?id=14266, N
Borean Tundra,Moth,Aspatha the Broodmother,https://www.wow-petopia.com/npc.php?id=25498, N
Borean Tundra,Clefthoof,Icehorn,https://www.wow-petopia.com/npc.php?id=32361, N
Borean Tundra,Wolf,Rockfang,https://www.wow-petopia.com/npc.php?id=25774, N
Searing Gorge,Raptor,Avis,https://www.wow-petopia.com/npc.php?id=50876, N
Searing Gorge,Boar,Crystalback,https://www.wow-petopia.com/npc.php?id=50948, N
Searing Gorge,Boar,Hogzilla,https://www.wow-petopia.com/npc.php?id=50946, N
Searing Gorge,Scalehide,Margol the Rager,https://www.wow-petopia.com/npc.php?id=5833, N
Searing Gorge,Spider,Rekk'tilac,https://www.wow-petopia.com/npc.php?id=8277, N
Searing Gorge,Hound,Rexxus,https://www.wow-petopia.com/npc.php?id=51048, N
Searing Gorge,Scorpid,Scorpoxx,https://www.wow-petopia.com/npc.php?id=51002, N
Searing Gorge,Scorpid,Snips,https://www.wow-petopia.com/npc.php?id=51010, N
Searing Gorge,Devilsaur,Slavermaw,https://www.wow-petopia.com/npc.php?id=50846, N
Azsuna,Basilisk,Axetail Basilisk Matriarch,https://www.wow-petopia.com/npc.php?id=99598, N
Azsuna,Feathermane,Daggerbeak,https://www.wow-petopia.com/npc.php?id=90057, N
Azsuna,Feathermane, Netherbeak,https://www.wow-petopia.com/npc.php?id=16875, N
Azsuna,Feathermane,Pridelord Meowl,https://www.wow-petopia.com/npc.php?id=90901, N
Azsuna,Feathermane,Stormfeather,https://www.wow-petopia.com/npc.php?id=109594, N
Azsuna,Crab,Deepclaw,https://www.wow-petopia.com/npc.php?id=109702, N
Azsuna,Courser,Devious Sunrunner,https://www.wow-petopia.com/npc.php?id=112637, N
Azsuna,Courser,Jojo the Palestrider,https://www.wow-petopia.com/npc.php?id=104815, N
Azsuna,Courser,Sinister Leyrunner,https://www.wow-petopia.com/npc.php?id=112636, N
Azsuna,Hydra,Gangamesh,https://www.wow-petopia.com/npc.php?id=89653, N
Azsuna,Boar,Leytusk,https://www.wow-petopia.com/npc.php?id=100846, N
Azsuna,Bear,Mac the Bear,https://www.wow-petopia.com/npc.php?id=109324, N
Azsuna,Mechanical,Rush,https://www.wow-petopia.com/npc.php?id=108088, N
Azsuna,Bird of Prey,Salty,https://www.wow-petopia.com/npc.php?id=113408, N
Azsuna,Shale Beast,Ualair,https://www.wow-petopia.com/npc.php?id=106665, N
Ruins of Ahn'Qiraj (Raid),Wasp,Ayamiss the Hunter,https://www.wow-petopia.com/npc.php?id=15369, N
Ruins of Ahn'Qiraj (Raid),Aqiri,Buru the Gorger,https://www.wow-petopia.com/npc.php?id=15370, N
Ruins of Ahn'Qiraj (Raid),Aqiri,Kurinnaxx,https://www.wow-petopia.com/npc.php?id=15348, N
Burning Steppes,Ravager,Azelisk,https://www.wow-petopia.com/npc.php?id=50725, N
Burning Steppes,Ravager,Venomspine,https://www.wow-petopia.com/npc.php?id=50730, N
Burning Steppes,Carrion Bird,Catal,https://www.wow-petopia.com/npc.php?id=50807, N
Burning Steppes,Carrion Bird,Favored of Isiset,https://www.wow-petopia.com/npc.php?id=50810, N
Burning Steppes,Wind Serpent,Chiaa,https://www.wow-petopia.com/npc.php?id=50792, N
Burning Steppes,Wolf,Deathmaw,https://www.wow-petopia.com/npc.php?id=10077, N
Burning Steppes,Hyena,Jaxx the Rabid,https://www.wow-petopia.com/npc.php?id=50855, N
Burning Steppes,Core Hound,Magmagan,https://www.wow-petopia.com/npc.php?id=50842, N
Burning Steppes,Ray,Ornat,https://www.wow-petopia.com/npc.php?id=50361, N
Burning Steppes,Dragonhawk,Sunwing,https://www.wow-petopia.com/npc.php?id=50357, N
Zuldazar,Lizard,Azuresail the Ancient,https://www.wow-petopia.com/npc.php?id=135510, N
Zuldazar,Lizard,Kandak,https://www.wow-petopia.com/npc.php?id=126637, N
Zuldazar,Lizard,Sabertusk Empress,https://www.wow-petopia.com/npc.php?id=129323, N
Zuldazar,Lizard,Spinethrash,https://www.wow-petopia.com/npc.php?id=152114, N
Zuldazar,Lizard,Torraske the Eternal,https://www.wow-petopia.com/npc.php?id=127939, N
Zuldazar,Blood Beast,Bloodbulge,https://www.wow-petopia.com/npc.php?id=128699, N
Zuldazar,Raptor,Bonescreamer,https://www.wow-petopia.com/npc.php?id=140699, N
Zuldazar,Raptor, N'chala the Egg Thief,https://www.wow-petopia.com/npc.php?id=149147, N
Zuldazar,Raptor,Queenfeather,https://www.wow-petopia.com/npc.php?id=139365, N
Zuldazar,Raptor,Umbra'jin,https://www.wow-petopia.com/npc.php?id=122004, N
Zuldazar,Pterrordax,Bramblewing,https://www.wow-petopia.com/npc.php?id=131718, N
Zuldazar,Hydra,Gahz'ralka,https://www.wow-petopia.com/npc.php?id=129954, N
Zuldazar,Devilsaur,Hungry Savagelands Juvenile,https://www.wow-petopia.com/npc.php?id=152296, N
Zuldazar,Devilsaur,King K'tal,https://www.wow-petopia.com/npc.php?id=123502, N
Zuldazar,Devilsaur,Pinky,https://www.wow-petopia.com/npc.php?id=126732, N
Zuldazar,Devilsaur,Ten'gor,https://www.wow-petopia.com/npc.php?id=130713, N
Zuldazar,Devilsaur,Twisted Child of Rezan,https://www.wow-petopia.com/npc.php?id=130643, N
Zuldazar,Riverbeast,Kiboku,https://www.wow-petopia.com/npc.php?id=132244, N
Zuldazar,Riverbeast,Wildtusk,https://www.wow-petopia.com/npc.php?id=123653, N
Zuldazar,Direhorn,Kil'Tawan,https://www.wow-petopia.com/npc.php?id=135508, N
Zuldazar,Direhorn, Nol'ixwan,https://www.wow-petopia.com/npc.php?id=130741, N
Zuldazar,Direhorn,Tia'Kawan,https://www.wow-petopia.com/npc.php?id=133163, N
Zuldazar,Gorilla,King Da'ka,https://www.wow-petopia.com/npc.php?id=130948, N
Zuldazar,Gorilla,Prime Thumpknuckle,https://www.wow-petopia.com/npc.php?id=136334, N
Zuldazar,Stone Hound,Lei-zhi,https://www.wow-petopia.com/npc.php?id=131233, N
Zuldazar,Bird of Prey,Murderbeak,https://www.wow-petopia.com/npc.php?id=134782, N
Zuldazar,Crab,Ol' Bubbly,https://www.wow-petopia.com/npc.php?id=132650, N
Zuldazar,Crab,Tambano,https://www.wow-petopia.com/npc.php?id=131687, N
Zuldazar,Wind Serpent,Territorial Razorwing,https://www.wow-petopia.com/npc.php?id=135304, N
Zuldazar,Wind Serpent,Vukuba,https://www.wow-petopia.com/npc.php?id=134048, N
Zuldazar,Spider,Umbra'rix,https://www.wow-petopia.com/npc.php?id=134717, N
Zuldazar,Carapid,Warcrawler Karkithiss,https://www.wow-petopia.com/npc.php?id=133842, N
Southern Barrens,Wind Serpent,Azzere the Skyblade,https://www.wow-petopia.com/npc.php?id=5834, N
Southern Barrens,Beetle,Silithid Harvester,https://www.wow-petopia.com/npc.php?id=3253, N
Southern Barrens,Hyena,Snort the Heckler,https://www.wow-petopia.com/npc.php?id=5829, N
Southern Barrens,Scalehide,Thunderstomp,https://www.wow-petopia.com/npc.php?id=5832, N
Nagrand - Outland,Stag,Bach'lor,https://www.wow-petopia.com/npc.php?id=18258, N
Nagrand - Outland,Clefthoof,Banthar,https://www.wow-petopia.com/npc.php?id=18259, N
Nagrand - Outland,Clefthoof,Brokentoe,https://www.wow-petopia.com/npc.php?id=18398, N
Nagrand - Outland,Crocolisk,Goretooth,https://www.wow-petopia.com/npc.php?id=17144, N
Nagrand - Outland,Bird of Prey,Gutripper,https://www.wow-petopia.com/npc.php?id=18257, N
Nagrand - Outland,Bird of Prey,Windroc Matriarch,https://www.wow-petopia.com/npc.php?id=19055, N
Nagrand - Outland,Mammoth,Tusker,https://www.wow-petopia.com/npc.php?id=18290, N
Val'sharah,Cat,Bahagar,https://www.wow-petopia.com/npc.php?id=110562, N
Val'sharah,Carrion Bird,Gorebeak,https://www.wow-petopia.com/npc.php?id=92117, N
Val'sharah,Basilisk,Leygazer,https://www.wow-petopia.com/npc.php?id=97030, N
Val'sharah,Bird of Prey,Rotbeak,https://www.wow-petopia.com/npc.php?id=94383, N
Val'sharah,Bear,Well-Fed Bear,https://www.wow-petopia.com/npc.php?id=103785, N
Val'sharah,Feathermane,Wraithtalon,https://www.wow-petopia.com/npc.php?id=97504, N
Nazjatar,Lizard,Banescale the Packfather,https://www.wow-petopia.com/npc.php?id=152361, N
Nazjatar,Lizard,Siltstalker the Packmother,https://www.wow-petopia.com/npc.php?id=152359, N
Nazjatar,Lizard,Toxigore the Alpha,https://www.wow-petopia.com/npc.php?id=152360, N
Nazjatar,Crab,Braxicus,https://www.wow-petopia.com/npc.php?id=153026, N
Nazjatar,Crab,Caverndark Terror,https://www.wow-petopia.com/npc.php?id=152464, N
Nazjatar,Crab,Iridescent Glimmershell,https://www.wow-petopia.com/npc.php?id=152448, N
Nazjatar,Crab, Needlespine,https://www.wow-petopia.com/npc.php?id=152465, N
Nazjatar,Crab,Sandclaw Stoneshell,https://www.wow-petopia.com/npc.php?id=152795, N
Nazjatar,Serpent,Chasm-Haunter,https://www.wow-petopia.com/npc.php?id=152556, N
Nazjatar,Serpent,Elderspawn Nalaada,https://www.wow-petopia.com/npc.php?id=152555, N
Nazjatar,Serpent,Shassera,https://www.wow-petopia.com/npc.php?id=152552, N
Nazjatar,Ray,Deepglider,https://www.wow-petopia.com/npc.php?id=152291, N
Nazjatar,Ray,Soundless,https://www.wow-petopia.com/npc.php?id=152290, N
Nazjatar,Ray,Wrinklefin,https://www.wow-petopia.com/npc.php?id=153764, N
Nazjatar,Turtle,Garnetscale,https://www.wow-petopia.com/npc.php?id=152553, N
Nazjatar,Hydra,Scale Matriarch Gratinax,https://www.wow-petopia.com/npc.php?id=152548, N
Nazjatar,Hydra,Scale Matriarch Vynara,https://www.wow-petopia.com/npc.php?id=152545, N
Nazjatar,Hydra,Scale Matriarch Zodia,https://www.wow-petopia.com/npc.php?id=152542, N
Nazjatar,Worm,Shiz'narasz the Consumer,https://www.wow-petopia.com/npc.php?id=153658, N
Twilight Highlands,Wolf,Barkmutt,https://www.wow-petopia.com/npc.php?id=47769, N
Twilight Highlands,Spirit Beast,Karoma,https://www.wow-petopia.com/npc.php?id=50138, N
Twilight Highlands,Cat,Sambas,https://www.wow-petopia.com/npc.php?id=50159, N
Badlands,Wolf,Barnabus,https://www.wow-petopia.com/npc.php?id=2753, N
Badlands,Scorpid,Blackshell the Impenetrable,https://www.wow-petopia.com/npc.php?id=51000, N
Badlands,Scorpid,Serkett,https://www.wow-petopia.com/npc.php?id=51007, N
Badlands,Cat,Broken Tooth,https://www.wow-petopia.com/npc.php?id=2850, N
Badlands,Cat,Tabbs,https://www.wow-petopia.com/npc.php?id=50838, N
Badlands,Ravager,Deathstrike,https://www.wow-petopia.com/npc.php?id=50728, N
Badlands,Ravager,Kalixx,https://www.wow-petopia.com/npc.php?id=50726, N
Badlands,Ravager, Needlefang,https://www.wow-petopia.com/npc.php?id=50731, N
Badlands,Warp Stalker,Vorticus,https://www.wow-petopia.com/npc.php?id=51021, N
Badlands,Warp Stalker,Zormus,https://www.wow-petopia.com/npc.php?id=51018, N
Badlands,Carrion Bird,Zaricotl,https://www.wow-petopia.com/npc.php?id=2931, N
Thousand Needles,Crab,Barnacle Jim,https://www.wow-petopia.com/npc.php?id=50952, N
Thousand Needles,Wasp,Cyn,https://www.wow-petopia.com/npc.php?id=50892, N
Thousand Needles,Hyena,Galak Packhound,https://www.wow-petopia.com/npc.php?id=4250, N
Thousand Needles,Aqiri,Hive Controller,https://www.wow-petopia.com/npc.php?id=47389, N
Thousand Needles,Aqiri,Kaxx,https://www.wow-petopia.com/npc.php?id=50741, N
Thousand Needles,Aqiri,Krkk'kx,https://www.wow-petopia.com/npc.php?id=4132, N
Thousand Needles,Aqiri, Nyaj,https://www.wow-petopia.com/npc.php?id=50748, N
Thousand Needles,Basilisk,Ironeye the Invincible,https://www.wow-petopia.com/npc.php?id=5935, N
Thousand Needles,Bat,Rrakk,https://www.wow-petopia.com/npc.php?id=50329, N
Thousand Needles,Wind Serpent,Skyshadow,https://www.wow-petopia.com/npc.php?id=50785, N
Thousand Needles,Ravager,Strix the Barbed,https://www.wow-petopia.com/npc.php?id=50727, N
Thousand Needles,Scorpid,The Barbed Horror,https://www.wow-petopia.com/npc.php?id=51008, N
Thousand Needles,Scorpid,Venomclaw,https://www.wow-petopia.com/npc.php?id=51001, N
Thousand Needles,Scorpid,Vile Sting,https://www.wow-petopia.com/npc.php?id=5937, N
Tiragarde Sound,Hydra,Bashmu,https://www.wow-petopia.com/npc.php?id=132068, N
Tiragarde Sound,Wasp,Blackthorne,https://www.wow-petopia.com/npc.php?id=139145, N
Tiragarde Sound,Wasp,The Hornet,https://www.wow-petopia.com/npc.php?id=137450, N
Tiragarde Sound,Lizard,Broodmother Razora,https://www.wow-petopia.com/npc.php?id=130508, N
Tiragarde Sound,Lizard,Merianae,https://www.wow-petopia.com/npc.php?id=131252, N
Tiragarde Sound,Lizard,Tempestria,https://www.wow-petopia.com/npc.php?id=133356, N
Tiragarde Sound,Boar,Chartusk,https://www.wow-petopia.com/npc.php?id=127800, N
Tiragarde Sound,Bird of Prey,Fowlmouth,https://www.wow-petopia.com/npc.php?id=132211, N
Tiragarde Sound,Bird of Prey,Foxhollow Skyterror,https://www.wow-petopia.com/npc.php?id=132127, N
Tiragarde Sound,Bird of Prey,Gulliver,https://www.wow-petopia.com/npc.php?id=139233, N
Tiragarde Sound,Courser,Freckles,https://www.wow-petopia.com/npc.php?id=174412, N
Tiragarde Sound,Courser,Goldie,https://www.wow-petopia.com/npc.php?id=128476, N
Tiragarde Sound,Courser,Korthos,https://www.wow-petopia.com/npc.php?id=137342, N
Tiragarde Sound,Courser,Magoo,https://www.wow-petopia.com/npc.php?id=128441, N
Tiragarde Sound,Courser,Mara,https://www.wow-petopia.com/npc.php?id=137340, N
Tiragarde Sound,Courser,Rose,https://www.wow-petopia.com/npc.php?id=137338, N
Tiragarde Sound,Courser,Scout,https://www.wow-petopia.com/npc.php?id=128478, N
Tiragarde Sound,Serpent,Honey-Coated Slitherer,https://www.wow-petopia.com/npc.php?id=137183, N
Tiragarde Sound,Serpent,Shiverscale the Toxic,https://www.wow-petopia.com/npc.php?id=139285, N
Tiragarde Sound,Turtle,Kulett the Ornery,https://www.wow-petopia.com/npc.php?id=131520, N
Tiragarde Sound,Turtle,Tort Jaw,https://www.wow-petopia.com/npc.php?id=139235, N
Tiragarde Sound,Fox,Lucktail,https://www.wow-petopia.com/npc.php?id=127602, N
Tiragarde Sound,Crab,Maison the Portable,https://www.wow-petopia.com/npc.php?id=139290, N
Tiragarde Sound,Spider,Mossfang Matriarch,https://www.wow-petopia.com/npc.php?id=129833, N
Tiragarde Sound,Bear,Old Frostclaw,https://www.wow-petopia.com/npc.php?id=128093, N
Tiragarde Sound,Bear,Ranja,https://www.wow-petopia.com/npc.php?id=139278, N
Tiragarde Sound,Mechanical,P4-N73R4,https://www.wow-petopia.com/npc.php?id=139205, N
Tiragarde Sound,Wolf,Pack Leader Asenya,https://www.wow-petopia.com/npc.php?id=131262, N
Tiragarde Sound,Wolf,Rustfur Matriarch,https://www.wow-petopia.com/npc.php?id=141051, N
Tiragarde Sound,Stag,Sythian the Swift,https://www.wow-petopia.com/npc.php?id=139280, N
Tirisfal Glades,Hound,Bayne,https://www.wow-petopia.com/npc.php?id=10356, N
Tirisfal Glades,Hound,Plague,https://www.wow-petopia.com/npc.php?id=51044, N
Tirisfal Glades,Carrion Bird,Bonechewer,https://www.wow-petopia.com/npc.php?id=50803, N
Tirisfal Glades,Bat,Fangor,https://www.wow-petopia.com/npc.php?id=50328, N
Tirisfal Glades,Bat,Ressan the Needler,https://www.wow-petopia.com/npc.php?id=10357, N
Tirisfal Glades,Bear,Hibernus the Sleeper,https://www.wow-petopia.com/npc.php?id=50930, N
Tirisfal Glades,Wolf, Nighthowl,https://www.wow-petopia.com/npc.php?id=50908, N
Tirisfal Glades,Spider,Shadowstalker,https://www.wow-petopia.com/npc.php?id=50763, N
Tirisfal Glades,Spider,Sri'skulk,https://www.wow-petopia.com/npc.php?id=10359, N
Greenstone Village (Scenario),Stone Hound,Beast of Jade,https://www.wow-petopia.com/npc.php?id=66772, N
Stormsong Valley,Wasp,Beehemoth,https://www.wow-petopia.com/npc.php?id=134147, N
Stormsong Valley,Wasp,Hive Mother,https://www.wow-petopia.com/npc.php?id=132341, N
Stormsong Valley,Spider,Broodmother,https://www.wow-petopia.com/npc.php?id=137025, N
Stormsong Valley,Hopper,Croaker,https://www.wow-petopia.com/npc.php?id=140938, N
Stormsong Valley,Crab,Crushtacean,https://www.wow-petopia.com/npc.php?id=136183, N
Stormsong Valley,Crab,Pinku'shon,https://www.wow-petopia.com/npc.php?id=139298, N
Stormsong Valley,Wolf,Deepfang,https://www.wow-petopia.com/npc.php?id=139385, N
Stormsong Valley,Wolf,Razorclaw Alpha,https://www.wow-petopia.com/npc.php?id=136417, N
Stormsong Valley,Gruffhorn,Kickers,https://www.wow-petopia.com/npc.php?id=141029, N
Stormsong Valley,Hound,Lil' Red,https://www.wow-petopia.com/npc.php?id=136469, N
Stormsong Valley,Hound,Taja the Tidehowler,https://www.wow-petopia.com/npc.php?id=139980, N
Stormsong Valley,Riverbeast,Milden Mud Snout,https://www.wow-petopia.com/npc.php?id=141977, N
Stormsong Valley,Carrion Bird, Nestmother Acada,https://www.wow-petopia.com/npc.php?id=138963, N
Stormsong Valley,Bear,Osca the Bloodied,https://www.wow-petopia.com/npc.php?id=141239, N
Stormsong Valley,Lizard,Rottail,https://www.wow-petopia.com/npc.php?id=141832, N
Stormsong Valley,Lizard,Sourtooth,https://www.wow-petopia.com/npc.php?id=141599, N
Stormsong Valley,Mechanical,Sabertron,https://www.wow-petopia.com/npc.php?id=139328, N
Stormsong Valley,Mechanical,Sabertron,https://www.wow-petopia.com/npc.php?id=139335, N
Stormsong Valley,Mechanical,Sabertron,https://www.wow-petopia.com/npc.php?id=139336, N
Stormsong Valley,Mechanical,Sabertron,https://www.wow-petopia.com/npc.php?id=139356, N
Stormsong Valley,Mechanical,Sabertron,https://www.wow-petopia.com/npc.php?id=139359, N
Stormsong Valley,Serpent,Sandfang,https://www.wow-petopia.com/npc.php?id=139988, N
Stormsong Valley,Boar,Thundersnout,https://www.wow-petopia.com/npc.php?id=135293, N
Stormsong Valley,Feathermane,Whirlwing,https://www.wow-petopia.com/npc.php?id=142088, N
Redridge Mountains,Boar,Bellygrub,https://www.wow-petopia.com/npc.php?id=345, N
Redridge Mountains,Spider,Chatter,https://www.wow-petopia.com/npc.php?id=616, N
Redridge Mountains,Spider,Chitter,https://www.wow-petopia.com/npc.php?id=52146, N
Redridge Mountains,Spider,Gnollfeaster,https://www.wow-petopia.com/npc.php?id=147222, N
Gorgrond,Riverbeast,Berthora,https://www.wow-petopia.com/npc.php?id=85907, N
Gorgrond,Riverbeast,Mogamago,https://www.wow-petopia.com/npc.php?id=88586, N
Gorgrond,Ravager,Hive Queen Skrikka,https://www.wow-petopia.com/npc.php?id=83522, N
Gorgrond,Hydra,Khargax the Devourer,https://www.wow-petopia.com/npc.php?id=81537, N
Gorgrond,Hydra,Venolasix,https://www.wow-petopia.com/npc.php?id=86266, N
Gorgrond,Spider,Mother Araneae,https://www.wow-petopia.com/npc.php?id=76473, N
Gorgrond,Raptor,Riplash,https://www.wow-petopia.com/npc.php?id=87084, N
Gorgrond,Raptor,Riptar,https://www.wow-petopia.com/npc.php?id=85970, N
Gorgrond,Chimaera,Roardan the Sky Terror,https://www.wow-petopia.com/npc.php?id=77093, N
Gorgrond,Clefthoof,Stompalupagus,https://www.wow-petopia.com/npc.php?id=86520, N
Ohn'ahran Plains,Hound,Biryuk,https://www.wow-petopia.com/npc.php?id=193168, N
Ohn'ahran Plains,Spirit Beast,Bloodgullet,https://www.wow-petopia.com/npc.php?id=193254, N
Ohn'ahran Plains,Tallstrider, Nergazurai,https://www.wow-petopia.com/npc.php?id=195895, N
Dun Morogh,Bear,Bjarn,https://www.wow-petopia.com/npc.php?id=1130, N
Dun Morogh,Bear,Mangeclaw,https://www.wow-petopia.com/npc.php?id=1961, N
Dun Morogh,Wolf,Timber,https://www.wow-petopia.com/npc.php?id=1132, N
Dun Morogh,Mechanical,Weaponized Rabbot,https://www.wow-petopia.com/npc.php?id=107431, N
Howling Fjord,Wolf,Bjomolf,https://www.wow-petopia.com/npc.php?id=24516, N
Howling Fjord,Wolf,Varg,https://www.wow-petopia.com/npc.php?id=24517, N
Howling Fjord,Hound,Fiend,https://www.wow-petopia.com/npc.php?id=23939, N
Howling Fjord,Bear,Hozzer,https://www.wow-petopia.com/npc.php?id=24547, N
Howling Fjord,Feathermane,Steelfeather,https://www.wow-petopia.com/npc.php?id=24514, N
Felwood,Ray,Blackbog the Fang,https://www.wow-petopia.com/npc.php?id=50362, N
Felwood,Wasp,Cida,https://www.wow-petopia.com/npc.php?id=50905, N
Felwood,Wolf,Death Howl,https://www.wow-petopia.com/npc.php?id=14339, N
Felwood,Wolf,Grovepaw,https://www.wow-petopia.com/npc.php?id=50925, N
Felwood,Worm,Dilennaa,https://www.wow-petopia.com/npc.php?id=51025, N
Felwood,Cat,Duskcoat,https://www.wow-petopia.com/npc.php?id=50833, N
Felwood,Cat,Winna's Kitten,https://www.wow-petopia.com/npc.php?id=47687, N
Felwood,Hound,Fidonis,https://www.wow-petopia.com/npc.php?id=51046, N
Felwood,Warp Stalker,Gezan,https://www.wow-petopia.com/npc.php?id=51017, N
Felwood,Bear,Grimrot,https://www.wow-petopia.com/npc.php?id=107596, N
Felwood,Bear,Grimrot,https://www.wow-petopia.com/npc.php?id=107595, N
Felwood,Bear,Mongress,https://www.wow-petopia.com/npc.php?id=14344, N
Felwood,Spider, Needle,https://www.wow-petopia.com/npc.php?id=50777, N
Felwood,Bird of Prey,Olm the Wise,https://www.wow-petopia.com/npc.php?id=14343, N
Felwood,Ravager,Spinecrawl,https://www.wow-petopia.com/npc.php?id=50724, N
Felwood,Moth,Thicket,https://www.wow-petopia.com/npc.php?id=50864, N
Undermine,Carrion Bird,Blazefeather Peacock,https://www.wow-petopia.com/npc.php?id=226562, N
Undermine,Crab,Grimewick,https://www.wow-petopia.com/npc.php?id=231017, N
Undermine,Hyena, Nitro,https://www.wow-petopia.com/npc.php?id=230995, N
Undermine,Waterfowl,Scrapbeak,https://www.wow-petopia.com/npc.php?id=230931, N
Eastern Plaguelands,Hound,Bleakheart,https://www.wow-petopia.com/npc.php?id=51042, N
Eastern Plaguelands,Bat,Duskwing,https://www.wow-petopia.com/npc.php?id=11897, N
Eastern Plaguelands,Carrion Bird,Fene-mal,https://www.wow-petopia.com/npc.php?id=50813, N
Eastern Plaguelands,Spider,Likk the Hunter,https://www.wow-petopia.com/npc.php?id=50775, N
Eastern Plaguelands,Beetle,Quirix,https://www.wow-petopia.com/npc.php?id=51053, N
Eastern Plaguelands,Hyena,Snark,https://www.wow-petopia.com/npc.php?id=50856, N
Eastern Plaguelands,Wolf,Snort,https://www.wow-petopia.com/npc.php?id=50915, N
Eastern Plaguelands,Wolf,The Lone Hunter,https://www.wow-petopia.com/npc.php?id=45450, N
Eastern Plaguelands,Worm,Spirocula,https://www.wow-petopia.com/npc.php?id=51027, N
Eastern Plaguelands,Sporebat,Sporeggon,https://www.wow-petopia.com/npc.php?id=50779, N
Eastern Plaguelands,Boar,Varah,https://www.wow-petopia.com/npc.php?id=50947, N
Spires of Arak,Sporebat,Blightglow,https://www.wow-petopia.com/npc.php?id=84856, Y
Spires of Arak,Ravager,Brood Mother Xylax,https://www.wow-petopia.com/npc.php?id=86455, Y
Spires of Arak,Ravager,Shadeback Thornmother,https://www.wow-petopia.com/npc.php?id=80224, Y
Spires of Arak,Ravager,Spineslicer,https://www.wow-petopia.com/npc.php?id=82632, Y
Spires of Arak,Hydra,Echidna,https://www.wow-petopia.com/npc.php?id=80372, N
Spires of Arak,Hydra,Jiasska the Sporegorger,https://www.wow-petopia.com/npc.php?id=84955, Y
Spires of Arak,Hydra,Varasha,https://www.wow-petopia.com/npc.php?id=82050, Y
Spires of Arak,Raptor,Stonescale,https://www.wow-petopia.com/npc.php?id=80694, N
Spires of Arak,Basilisk,Stonespite,https://www.wow-petopia.com/npc.php?id=84805, Y
Spires of Arak,Wasp,Sunderthorn,https://www.wow-petopia.com/npc.php?id=84912, N
Spires of Arak,Water Strider,The Ebon Hunter,https://www.wow-petopia.com/npc.php?id=82933, Y
Spires of Arak,Chimaera,Venombarb,https://www.wow-petopia.com/npc.php?id=82646, Y
Krasarang Wilds,Turtle,Bloodtooth,https://www.wow-petopia.com/npc.php?id=50854, N
Krasarang Wilds,Worm,Bombyx,https://www.wow-petopia.com/npc.php?id=67820, N
Krasarang Wilds,Cat,Chasheen,https://www.wow-petopia.com/npc.php?id=63767, N
Krasarang Wilds,Spider,Feverbite,https://www.wow-petopia.com/npc.php?id=58883, N
Krasarang Wilds,Crocolisk, Nahassa,https://www.wow-petopia.com/npc.php?id=60203, N
Krasarang Wilds,Waterfowl, Needlebeak,https://www.wow-petopia.com/npc.php?id=63796, N
Krasarang Wilds,Crab,Snapclaw,https://www.wow-petopia.com/npc.php?id=60401, N
Mechagon,Lizard,Bonepicker,https://www.wow-petopia.com/npc.php?id=152001, N
Mechagon,Mechanical,Jawbreaker,https://www.wow-petopia.com/npc.php?id=151684, N
Mechagon,Mechanical,Malfunctioning Beastbot,https://www.wow-petopia.com/npc.php?id=151933, N
Mechagon,Mechanical,Mecharantula,https://www.wow-petopia.com/npc.php?id=151672, N
Mechagon,Mechanical,OOX-Fleetfoot/MG,https://www.wow-petopia.com/npc.php?id=151159, N
Mechagon,Mechanical,Sparkweaver Ohm,https://www.wow-petopia.com/npc.php?id=152315, N
Mechagon,Crab,Scrapclaw,https://www.wow-petopia.com/npc.php?id=155583, N
Mechagon,Crab,Steelplated Hardshell,https://www.wow-petopia.com/npc.php?id=152319, N
Arathi Highlands,Wasp,Boros,https://www.wow-petopia.com/npc.php?id=50891, N
Arathi Highlands,Bird of Prey,Cackle,https://www.wow-petopia.com/npc.php?id=50337, N
Arathi Highlands,Shale Beast,Glint,https://www.wow-petopia.com/npc.php?id=51067, N
Arathi Highlands,Beetle,Phalanax,https://www.wow-petopia.com/npc.php?id=51063, N
Arathi Highlands,Carrion Bird,Plaguefeather,https://www.wow-petopia.com/npc.php?id=142435, N
Arathi Highlands,Carrion Bird,Ripwing,https://www.wow-petopia.com/npc.php?id=50804, N
Arathi Highlands,Carrion Bird,SQUAAAWK!,https://www.wow-petopia.com/npc.php?id=142717, N
Arathi Highlands,Raptor,Saurix,https://www.wow-petopia.com/npc.php?id=50865, N
Arathi Highlands,Raptor,Skullripper,https://www.wow-petopia.com/npc.php?id=142437, N
Arathi Highlands,Hound,Snuffles,https://www.wow-petopia.com/npc.php?id=51040, N
Arathi Highlands,Boar,Swee,https://www.wow-petopia.com/npc.php?id=50940, N
Arathi Highlands,Spider,Venomarus,https://www.wow-petopia.com/npc.php?id=142438, N
Arathi Highlands,Spider,Zorn,https://www.wow-petopia.com/npc.php?id=50770, N
Arathi Highlands,Bear,Yogursa,https://www.wow-petopia.com/npc.php?id=142440, N
Kun-Lai Summit,Rodent,Bristlespine,https://www.wow-petopia.com/npc.php?id=50944, N
Kun-Lai Summit,Spirit Beast,Gumi,https://www.wow-petopia.com/npc.php?id=69943, N
Kun-Lai Summit,Gruffhorn,Stompy,https://www.wow-petopia.com/npc.php?id=50998, N
Kun-Lai Summit,Gruffhorn,Zhing,https://www.wow-petopia.com/npc.php?id=66464, N
Kun-Lai Summit,Lesser Dragonkin,Wild Onyx Serpent,https://www.wow-petopia.com/npc.php?id=61848, N
Kun-Lai Summit,Stone Hound,Yachi,https://www.wow-petopia.com/npc.php?id=61307, N
Kun-Lai Summit,Stone Hound,Yao,https://www.wow-petopia.com/npc.php?id=61306, N
Tanaan Jungle,Ravager,Broodlord Ixkor,https://www.wow-petopia.com/npc.php?id=92429, N
Tanaan Jungle,Bird of Prey,Deathtalon,https://www.wow-petopia.com/npc.php?id=95053, N
Tanaan Jungle,Hydra,Keravnos,https://www.wow-petopia.com/npc.php?id=80398, N
Tanaan Jungle,Riverbeast,Magwia,https://www.wow-petopia.com/npc.php?id=93002, N
Tanaan Jungle,Wind Serpent,Rasthe,https://www.wow-petopia.com/npc.php?id=90782, N
Tanaan Jungle,Wind Serpent,Soul Fragment,https://www.wow-petopia.com/npc.php?id=92937, N
Tanaan Jungle,Clefthoof,Reassigned Warbeast,https://www.wow-petopia.com/npc.php?id=108181, N
Tanaan Jungle,Bat,Rendrak,https://www.wow-petopia.com/npc.php?id=92627, N
Tanaan Jungle,Warp Stalker,Shadowthrash,https://www.wow-petopia.com/npc.php?id=93236, N
Tanaan Jungle,Boar,Steelsnout,https://www.wow-petopia.com/npc.php?id=92887, N
Tanaan Jungle,Serpent,Sylissa,https://www.wow-petopia.com/npc.php?id=92606, N
Tanaan Jungle,Raptor,The Goreclaw,https://www.wow-petopia.com/npc.php?id=92694, N
Timeless Isle,Hopper,Bufo,https://www.wow-petopia.com/npc.php?id=72775, N
Timeless Isle,Waterfowl,Emerald Gander,https://www.wow-petopia.com/npc.php?id=73158, N
Timeless Isle,Turtle,Great Turtle Furyshell,https://www.wow-petopia.com/npc.php?id=73161, N
Timeless Isle,Lesser Dragonkin,Huolon,https://www.wow-petopia.com/npc.php?id=73167, N
Timeless Isle,Serpent,Imperial Python,https://www.wow-petopia.com/npc.php?id=73163, N
Timeless Isle,Oxen,Ironfur Steelhorn,https://www.wow-petopia.com/npc.php?id=73160, N
Timeless Isle,Crab,Monstrous Spineclaw,https://www.wow-petopia.com/npc.php?id=73166, N
Timeless Isle,Cat,Tsavo'ka,https://www.wow-petopia.com/npc.php?id=72808, N
Stormheim,Spirit Beast,Bulvinkel,https://www.wow-petopia.com/npc.php?id=111463, N
Stormheim,Bird of Prey,Spitefeather,https://www.wow-petopia.com/npc.php?id=97124, N
Stormheim,Stag,Starbuck,https://www.wow-petopia.com/npc.php?id=107487, N
Stormheim,Basilisk,Stonefang,https://www.wow-petopia.com/npc.php?id=107914, N
Stormheim,Oxen,Thunderhorn,https://www.wow-petopia.com/npc.php?id=100838, N
Elwynn Forest,Fox,Bushtail,https://www.wow-petopia.com/npc.php?id=51077, N
Elwynn Forest,Bear,Grizzled Ben,https://www.wow-petopia.com/npc.php?id=50926, N
Elwynn Forest,Wolf,Lamepaw the Whimperer,https://www.wow-petopia.com/npc.php?id=50916, N
Elwynn Forest,Spider,Mother Fang,https://www.wow-petopia.com/npc.php?id=471, N
Elwynn Forest,Spider,Tarantis,https://www.wow-petopia.com/npc.php?id=50752, N
Elwynn Forest,Boar,Princess,https://www.wow-petopia.com/npc.php?id=330, N
Elwynn Forest,Boar,Snoot the Rooter,https://www.wow-petopia.com/npc.php?id=50942, N
Elwynn Forest,Mechanical,Tekton,https://www.wow-petopia.com/npc.php?id=48873, N
Elwynn Forest,Turtle,Terrapis,https://www.wow-petopia.com/npc.php?id=51014, N
Ardenweald,Wasp,Buzzkill,https://www.wow-petopia.com/npc.php?id=165404, N
Ardenweald,Carapid,Chompy,https://www.wow-petopia.com/npc.php?id=164110, N
Ardenweald,Carapid,Deifir the Untamed,https://www.wow-petopia.com/npc.php?id=164238, N
Ardenweald,Carapid,Egg-Tender Bloome,https://www.wow-petopia.com/npc.php?id=165400, N
Ardenweald,Carapid,Egg-Tender Erys,https://www.wow-petopia.com/npc.php?id=165401, N
Ardenweald,Carapid,Egg-Tender Leh'go,https://www.wow-petopia.com/npc.php?id=167851, N
Ardenweald,Carapid,Egg-Tender Tiom,https://www.wow-petopia.com/npc.php?id=165398, N
Ardenweald,Carapid,Enthralled Gorm,https://www.wow-petopia.com/npc.php?id=159693, N
Ardenweald,Carapid,Fortified Dessicator,https://www.wow-petopia.com/npc.php?id=173409, N
Ardenweald,Carapid,Gorm Hulk,https://www.wow-petopia.com/npc.php?id=158948, N
Ardenweald,Carapid,Gormbore,https://www.wow-petopia.com/npc.php?id=163370, N
Ardenweald,Carapid,Izik the Dissolver,https://www.wow-petopia.com/npc.php?id=173940, N
Ardenweald,Serpent,Dambala,https://www.wow-petopia.com/npc.php?id=167848, N
Ardenweald,Serpent,Shadow of Dambala,https://www.wow-petopia.com/npc.php?id=173855, N
Ardenweald,Carrion Bird, Nesting Valeshrieker,https://www.wow-petopia.com/npc.php?id=168475, N
Ardenweald,Carrion Bird,Old Ardeite,https://www.wow-petopia.com/npc.php?id=164391, N
Ardenweald,Courser, Night Mare,https://www.wow-petopia.com/npc.php?id=168135, N
Ardenweald,Moth,The Slumbering Emperor,https://www.wow-petopia.com/npc.php?id=167721, N
Frostfire Ridge,Basilisk,Canyon Icemother,https://www.wow-petopia.com/npc.php?id=71721, N
Frostfire Ridge,Bat,Chillfang,https://www.wow-petopia.com/npc.php?id=80242, N
Frostfire Ridge,Bat,Rakkiri,https://www.wow-petopia.com/npc.php?id=87085, N
Frostfire Ridge,Clefthoof,Coldstomp the Griever,https://www.wow-petopia.com/npc.php?id=77513, N
Frostfire Ridge,Clefthoof,Giantbane,https://www.wow-petopia.com/npc.php?id=77519, N
Frostfire Ridge,Boar,Coldtusk,https://www.wow-petopia.com/npc.php?id=76914, N
Frostfire Ridge,Boar,Slogtusk the Corpse-Eater,https://www.wow-petopia.com/npc.php?id=82617, N
Frostfire Ridge,Worm,Jabberjaw,https://www.wow-petopia.com/npc.php?id=82616, N
Frostfire Ridge,Wolf, Nok-Karosh,https://www.wow-petopia.com/npc.php?id=81001, N
The Jade Forest,Worm,Chibee,https://www.wow-petopia.com/npc.php?id=59756, N
The Jade Forest,Water Strider,Glimmer,https://www.wow-petopia.com/npc.php?id=50859, N
The Jade Forest,Spirit Beast,Hutia,https://www.wow-petopia.com/npc.php?id=69946, N
The Jade Forest,Cat,Kher Shan,https://www.wow-petopia.com/npc.php?id=56329, N
The Jade Forest,Cat,Kung Din,https://www.wow-petopia.com/npc.php?id=59037, N
The Jade Forest,Cat,Rakira,https://www.wow-petopia.com/npc.php?id=66622, N
The Jade Forest,Cat,Ro'shen,https://www.wow-petopia.com/npc.php?id=66617, N
The Jade Forest,Cat,Ruukti,https://www.wow-petopia.com/npc.php?id=66633, N
The Jade Forest,Cat,Savage,https://www.wow-petopia.com/npc.php?id=50850, N
The Jade Forest,Cat,Windward Huntress,https://www.wow-petopia.com/npc.php?id=63538, N
The Jade Forest,Cat,Windward Saber,https://www.wow-petopia.com/npc.php?id=65612, N
The Jade Forest,Scalehide,Koukou,https://www.wow-petopia.com/npc.php?id=66213, N
The Jade Forest,Wasp,Orchard Needler,https://www.wow-petopia.com/npc.php?id=65616, N
Blackwing Descent (Raid),Hydra,Chimaeron,https://www.wow-petopia.com/npc.php?id=43296, N
Zereth Mortis,Stag,Chitali the Eldest,https://www.wow-petopia.com/npc.php?id=183596, N
Zereth Mortis,Wasp,Feasting,https://www.wow-petopia.com/npc.php?id=178229, N
Zereth Mortis,Wasp,Zatojin,https://www.wow-petopia.com/npc.php?id=183764, N
Zereth Mortis,Bird of Prey,Garudeon,https://www.wow-petopia.com/npc.php?id=180924, N
Zereth Mortis,Bird of Prey,Tahkwitz,https://www.wow-petopia.com/npc.php?id=183925, N
Zereth Mortis,Hopper,Gorkek,https://www.wow-petopia.com/npc.php?id=178963, N
Zereth Mortis,Beetle,Hadeon the Stonebreaker,https://www.wow-petopia.com/npc.php?id=178563, N
Zereth Mortis,Worm,Helmix,https://www.wow-petopia.com/npc.php?id=183748, N
Zereth Mortis,Worm,Helmix,https://www.wow-petopia.com/npc.php?id=183749, N
Zereth Mortis,Worm,Helmix,https://www.wow-petopia.com/npc.php?id=184804, N
Zereth Mortis,Spider,Mother Phestis,https://www.wow-petopia.com/npc.php?id=178508, N
Zereth Mortis,Carapid,Orixal,https://www.wow-petopia.com/npc.php?id=179043, N
Zereth Mortis,Rodent,Sorranos,https://www.wow-petopia.com/npc.php?id=183722, N
Zereth Mortis,Wolf,Vexis,https://www.wow-petopia.com/npc.php?id=181360, N
Gnomeregan (Dungeon),Basilisk,Chomper,https://www.wow-petopia.com/npc.php?id=6215, N
Gnomeregan (Dungeon),Mechanical,Friender,https://www.wow-petopia.com/npc.php?id=111820, N
Wetlands,Crocolisk,Chops,https://www.wow-petopia.com/npc.php?id=50964, N
Wetlands,Crocolisk,Horrorjaw,https://www.wow-petopia.com/npc.php?id=41420, N
Wetlands,Spider,Leech Widow,https://www.wow-petopia.com/npc.php?id=1112, N
Wetlands,Raptor,Razormaw Matriarch,https://www.wow-petopia.com/npc.php?id=1140, N
Wetlands,Raptor,Sarltooth,https://www.wow-petopia.com/npc.php?id=44226, N
Blackwing Lair (Raid),Core Hound,Chromaggus,https://www.wow-petopia.com/npc.php?id=14020, N
Blackrock Mountain,Core Hound,Chromehound,https://www.wow-petopia.com/npc.php?id=50839, N
Blackrock Mountain,Shale Beast,Crystalfang,https://www.wow-petopia.com/npc.php?id=51066, N
Swamp of Sorrows,Raptor,Chupacabros,https://www.wow-petopia.com/npc.php?id=50882, N
Swamp of Sorrows,Cat,Duskfang,https://www.wow-petopia.com/npc.php?id=47053, N
Swamp of Sorrows,Cat,Kash,https://www.wow-petopia.com/npc.php?id=50837, N
Swamp of Sorrows,Monkey,Gib the Banana-Hoarder,https://www.wow-petopia.com/npc.php?id=51052, N
Swamp of Sorrows,Wind Serpent,Ionis,https://www.wow-petopia.com/npc.php?id=50790, N
Swamp of Sorrows,Wind Serpent,Yukiko,https://www.wow-petopia.com/npc.php?id=50797, N
Swamp of Sorrows,Wasp,Orlix the Swamplord,https://www.wow-petopia.com/npc.php?id=50903, N
Swamp of Sorrows,Tallstrider,Seawing,https://www.wow-petopia.com/npc.php?id=50886, N
Swamp of Sorrows,Serpent,Shimmerscale,https://www.wow-petopia.com/npc.php?id=50738, N
Blasted Lands,Scorpid,Clack the Reaver,https://www.wow-petopia.com/npc.php?id=8301, N
Blasted Lands,Basilisk,Deatheye,https://www.wow-petopia.com/npc.php?id=8302, N
Blasted Lands,Core Hound,Gomegaz,https://www.wow-petopia.com/npc.php?id=41166, N
Blasted Lands,Boar,Grunter,https://www.wow-petopia.com/npc.php?id=8303, N
Blasted Lands,Hyena,Ravage,https://www.wow-petopia.com/npc.php?id=8300, N
Blasted Lands,Carrion Bird,Spiteflayer,https://www.wow-petopia.com/npc.php?id=8299, N
Mogu'shan Vaults (Raid),Stone Hound,Cobalt Guardian,https://www.wow-petopia.com/npc.php?id=60051, N
Mogu'shan Vaults (Raid),Stone Hound,Jade Guardian,https://www.wow-petopia.com/npc.php?id=60043, N
Mogu'shan Vaults (Raid),Stone Hound,Jasper Guardian,https://www.wow-petopia.com/npc.php?id=59915, N
Mogu'shan Vaults (Raid),Spirit Beast,Elegon,https://www.wow-petopia.com/npc.php?id=60410, N
The Stonecore (Dungeon),Shale Beast,Corborus,https://www.wow-petopia.com/npc.php?id=43438, N
Silverpine Forest,Carrion Bird,Corpsefeeder,https://www.wow-petopia.com/npc.php?id=50814, N
Silverpine Forest,Boar,Finn's Gambit,https://www.wow-petopia.com/npc.php?id=50949, N
Silverpine Forest,Worm,Gnath,https://www.wow-petopia.com/npc.php?id=51026, N
Silverpine Forest,Wolf,Gorefang,https://www.wow-petopia.com/npc.php?id=12431, N
Silverpine Forest,Bat,Kree,https://www.wow-petopia.com/npc.php?id=50330, N
Silverpine Forest,Spider,Krethis the Shadowspinner,https://www.wow-petopia.com/npc.php?id=12433, N
Silverpine Forest,Spider,Skitterweb Matriarch,https://www.wow-petopia.com/npc.php?id=44906, N
Silverpine Forest,Hound,Lost Gilnean Wardog,https://www.wow-petopia.com/npc.php?id=51037, N
The Emerald Dream,Crab,Crabtankerous,https://www.wow-petopia.com/npc.php?id=209909, N
The Emerald Dream,Stag,Envoy of Winter,https://www.wow-petopia.com/npc.php?id=209929, N
The Emerald Dream,Rodent,Henri Snufftail,https://www.wow-petopia.com/npc.php?id=210075, N
The Emerald Dream,Raptor,Matriarch Keevah,https://www.wow-petopia.com/npc.php?id=210051, N
The Emerald Dream,Raptor,Ristar, the Rabid,https://www.wow-petopia.com/npc.php?id=210161, N
The Emerald Dream,Bear,Tula'rhun the Wanderer,https://www.wow-petopia.com/npc.php?id=213608, N
The Underrot (Dungeon),Blood Beast,Cragmaw the Infested,https://www.wow-petopia.com/npc.php?id=131817, N
The Underrot (Dungeon),Worm,Rotmaw,https://www.wow-petopia.com/npc.php?id=139194, N
Hallowfall,Hopper,Croakit,https://www.wow-petopia.com/npc.php?id=214757, N
Hallowfall,Wasp,Fallowbarb,https://www.wow-petopia.com/npc.php?id=216078, N
Hallowfall,Cat,Lytfang the Lost,https://www.wow-petopia.com/npc.php?id=221534, N
Hallowfall,Stag,Pride of Beledar,https://www.wow-petopia.com/npc.php?id=221786, N
Hallowfall,Lizard,Reekscale,https://www.wow-petopia.com/npc.php?id=221076, N
Hallowfall,Bear,Strength of Beledar,https://www.wow-petopia.com/npc.php?id=221690, N
Hallowfall,Bird of Prey,The Perchfather,https://www.wow-petopia.com/npc.php?id=221648, N
Desolace,Crab,Crusty,https://www.wow-petopia.com/npc.php?id=18241, N
Desolace,Hyena,Giggler,https://www.wow-petopia.com/npc.php?id=14228, N
Desolace,Basilisk,Hissperak,https://www.wow-petopia.com/npc.php?id=14227, N
Blackrock Spire (Dungeon),Spider,Crystal Fang,https://www.wow-petopia.com/npc.php?id=10376, N
Blackrock Spire (Dungeon),Wolf,Gizrul the Slavener,https://www.wow-petopia.com/npc.php?id=10268, N
Blackrock Spire (Dungeon),Wolf,Halycon,https://www.wow-petopia.com/npc.php?id=10220, N
Throne of Thunder (Raid),Stone Hound,Dam'ren,https://www.wow-petopia.com/npc.php?id=68081, N
Throne of Thunder (Raid),Stone Hound,Quet'zal,https://www.wow-petopia.com/npc.php?id=68080, N
Throne of Thunder (Raid),Stone Hound,Ro'shak,https://www.wow-petopia.com/npc.php?id=68079, N
Throne of Thunder (Raid),Carrion Bird,Ji-Kun,https://www.wow-petopia.com/npc.php?id=69712, N
Valley of the Four Winds,Scalehide,Darkhide,https://www.wow-petopia.com/npc.php?id=58435, N
Valley of the Four Winds,Spirit Beast,Degu,https://www.wow-petopia.com/npc.php?id=69947, N
Valley of the Four Winds,Waterfowl,Kracor,https://www.wow-petopia.com/npc.php?id=67128, N
Valley of the Four Winds,Waterfowl,Patrannache,https://www.wow-petopia.com/npc.php?id=50885, N
Valley of the Four Winds,Turtle,Krosh,https://www.wow-petopia.com/npc.php?id=56833, N
Valley of the Four Winds,Wolf,Lupello,https://www.wow-petopia.com/npc.php?id=56357, N
Valley of the Four Winds,Moth,Mothallus,https://www.wow-petopia.com/npc.php?id=57421, N
Valley of the Four Winds,Spider,Succula,https://www.wow-petopia.com/npc.php?id=67099, N
Maldraxxus,Boar,Deadeye,https://www.wow-petopia.com/npc.php?id=165566, N
Maldraxxus,Spider,Echo of the Spy,https://www.wow-petopia.com/npc.php?id=162399, N
Maldraxxus,Spider,Sister Chelicerae,https://www.wow-petopia.com/npc.php?id=159886, N
Maldraxxus,Chimaera,Gristlebeak,https://www.wow-petopia.com/npc.php?id=162588, N
Maldraxxus,Chimaera,Kil'mazor,https://www.wow-petopia.com/npc.php?id=172401, N
Maldraxxus,Chimaera,Satiated Sawtooth,https://www.wow-petopia.com/npc.php?id=164587, N
Maldraxxus,Bird of Prey,Marrowjaw,https://www.wow-petopia.com/npc.php?id=168036, N
Maldraxxus,Beetle,Pesticide,https://www.wow-petopia.com/npc.php?id=162767, N
Maldraxxus,Wasp,Ravenomous,https://www.wow-petopia.com/npc.php?id=159753, N
Maldraxxus,Oxen,Tahonta,https://www.wow-petopia.com/npc.php?id=162586, N
Durotar,Scorpid,Death Flayer,https://www.wow-petopia.com/npc.php?id=5823, N
Durotar,Scorpid,Sarkoth,https://www.wow-petopia.com/npc.php?id=3281, N
Durotar,Boar,Lo'Shall,https://www.wow-petopia.com/npc.php?id=39224, N
Durotar,Raptor,Screamslash,https://www.wow-petopia.com/npc.php?id=39385, N
Azuremyst Isle,Ravager,Death Ravager,https://www.wow-petopia.com/npc.php?id=17556, N
Azuremyst Isle,Core Hound,The Kurken,https://www.wow-petopia.com/npc.php?id=17447, N
Bloodmyst Isle,Bear,Deathclaw,https://www.wow-petopia.com/npc.php?id=17661, N
Bloodmyst Isle,Spider,Zarakh,https://www.wow-petopia.com/npc.php?id=17683, N
Terokkar Forest,Spider,Deathskitter,https://www.wow-petopia.com/npc.php?id=18647, N
Terokkar Forest,Spider,Terokkarantula,https://www.wow-petopia.com/npc.php?id=20682, N
Terokkar Forest,Warp Stalker,Gezzarak the Huntress,https://www.wow-petopia.com/npc.php?id=23163, N
Terokkar Forest,Cat,Hawkbane,https://www.wow-petopia.com/npc.php?id=21724, N
Terokkar Forest,Wolf,Ironjaw,https://www.wow-petopia.com/npc.php?id=18670, N
Terokkar Forest,Moth, Naphthal'ar,https://www.wow-petopia.com/npc.php?id=18438, N
Terokkar Forest,Basilisk,Stonegazer,https://www.wow-petopia.com/npc.php?id=18648, N
Terokkar Forest,Carrion Bird,Torgos,https://www.wow-petopia.com/npc.php?id=18707, N
Terokkar Forest,Carrion Bird,Trachela,https://www.wow-petopia.com/npc.php?id=21515, N
Northern Barrens,Cat,Dishu,https://www.wow-petopia.com/npc.php?id=5865, N
Northern Barrens,Cat,Echeyakee,https://www.wow-petopia.com/npc.php?id=3475, N
Northern Barrens,Cat,Humar The Pridelord,https://www.wow-petopia.com/npc.php?id=5828, N
Northern Barrens,Raptor,Fez,https://www.wow-petopia.com/npc.php?id=34543, N
Northern Barrens,Raptor,King Reaperclaw,https://www.wow-petopia.com/npc.php?id=34829, N
Northern Barrens,Raptor,Takk the Leaper,https://www.wow-petopia.com/npc.php?id=5842, N
Northern Barrens,Hydra,Gesharahan,https://www.wow-petopia.com/npc.php?id=3398, N
Northern Barrens,Courser,Swiftmane,https://www.wow-petopia.com/npc.php?id=5831, N
Revendreth,Stone Hound,Doom,https://www.wow-petopia.com/npc.php?id=164198, N
Revendreth,Stone Hound,Grenich,https://www.wow-petopia.com/npc.php?id=160401, N
Revendreth,Stone Hound,Grond,https://www.wow-petopia.com/npc.php?id=160402, N
Revendreth,Stone Hound,Hopecrusher,https://www.wow-petopia.com/npc.php?id=166679, N
Revendreth,Stone Hound,Justice,https://www.wow-petopia.com/npc.php?id=164197, N
Revendreth,Stone Hound,Rockbreaker,https://www.wow-petopia.com/npc.php?id=159441, N
Revendreth,Spider,Tomb Burster,https://www.wow-petopia.com/npc.php?id=155779, N
Blackrock Foundry (Raid),Chimaera,Dreadwing,https://www.wow-petopia.com/npc.php?id=76874, N
Blackrock Foundry (Raid),Clefthoof,Faultline,https://www.wow-petopia.com/npc.php?id=76946, N
Blackrock Foundry (Raid),Mammoth,Ironcrusher,https://www.wow-petopia.com/npc.php?id=76945, N
Teldrassil,Cat,Duskstalker,https://www.wow-petopia.com/npc.php?id=14430, N
Teldrassil,Spider,Githyiss the Vile,https://www.wow-petopia.com/npc.php?id=1994, N
Teldrassil,Spider,Lady Sathrah,https://www.wow-petopia.com/npc.php?id=7319, N
Isle of Dorn,Serpent,Emperor Pitfang,https://www.wow-petopia.com/npc.php?id=219265, N
Isle of Dorn,Stag,Plaguehart,https://www.wow-petopia.com/npc.php?id=219267, N
Isle of Dorn,Stag,Warphorn,https://www.wow-petopia.com/npc.php?id=219263, N
Isle of Dorn,Blood Beast,Twice-Stinger the Wretched,https://www.wow-petopia.com/npc.php?id=219271, N
Razorfen Kraul (Dungeon),Hopper,Enormous Bullfrog,https://www.wow-petopia.com/npc.php?id=75590, N
Torghast, Tower of the Damned (Dungeon),Moth,Faeleaf Shimmerwing,https://www.wow-petopia.com/npc.php?id=155483, N
Torghast, Tower of the Damned (Dungeon),Carapid,Gorm Behemoth,https://www.wow-petopia.com/npc.php?id=169823, N
Torghast, Tower of the Damned (Dungeon),Wasp,Invasive Decayfly,https://www.wow-petopia.com/npc.php?id=173114, N
Torghast, Tower of the Damned (Dungeon),Stone Hound,Stoneward Trampler,https://www.wow-petopia.com/npc.php?id=159323, N
Temple of Ahn'Qiraj (Raid),Aqiri,Fankriss the Unyielding,https://www.wow-petopia.com/npc.php?id=15510, N
Temple of Ahn'Qiraj (Raid),Aqiri,Lord Kri,https://www.wow-petopia.com/npc.php?id=15511, N
Temple of Ahn'Qiraj (Raid),Aqiri,Princess Yauj,https://www.wow-petopia.com/npc.php?id=15543, N
Temple of Ahn'Qiraj (Raid),Aqiri,Vem,https://www.wow-petopia.com/npc.php?id=15544, N
Temple of Ahn'Qiraj (Raid),Wasp,Princess Huhuran,https://www.wow-petopia.com/npc.php?id=15509, N
Shadowmoon Valley - Outland,Lizard,Felspine the Greater,https://www.wow-petopia.com/npc.php?id=21897, N
Shadowmoon Valley - Outland,Core Hound,Uvuros,https://www.wow-petopia.com/npc.php?id=21102, N
Hellfire Peninsula,Wolf,Feng,https://www.wow-petopia.com/npc.php?id=19459, N
Hellfire Peninsula,Wolf,Ripp,https://www.wow-petopia.com/npc.php?id=19458, N
Helheim,Hound,Fenri,https://www.wow-petopia.com/npc.php?id=92040, N
Helheim,Hound,Guarm,https://www.wow-petopia.com/npc.php?id=91386, N
Halls of Valor (Dungeon),Wolf,Fenryr,https://www.wow-petopia.com/npc.php?id=119990, N
Uldir (Raid),Hydra,Fetid Devourer,https://www.wow-petopia.com/npc.php?id=133298, N
Zul'Gurub (Dungeon),Wasp,Florawing Hive Queen,https://www.wow-petopia.com/npc.php?id=52442, N
Zul'Gurub (Dungeon),Hydra,Lost Offspring of Gahz'ranka,https://www.wow-petopia.com/npc.php?id=52418, N
Zul'Gurub (Dungeon),Raptor,Ohgan,https://www.wow-petopia.com/npc.php?id=52157, N
The Maw,Hound,Frekki,https://www.wow-petopia.com/npc.php?id=177441, N
The Maw,Hound,Hrodvetni,https://www.wow-petopia.com/npc.php?id=177442, N
The Maw,Hound,Vanargun,https://www.wow-petopia.com/npc.php?id=177445, N
The Maw,Hound,Vargir,https://www.wow-petopia.com/npc.php?id=177443, N
The Maw,Hound,Warren Mongrel,https://www.wow-petopia.com/npc.php?id=165973, N
The Maw,Hound,Yiva,https://www.wow-petopia.com/npc.php?id=177444, N
The Maw,Rodent,Skittering Broodmother,https://www.wow-petopia.com/npc.php?id=172524, N
Zul'Farrak (Dungeon),Hydra,Gahz'rilla,https://www.wow-petopia.com/npc.php?id=7273, N
The Hinterlands,Turtle,Gammerita,https://www.wow-petopia.com/npc.php?id=7977, N
The Hinterlands,Turtle,Ironback,https://www.wow-petopia.com/npc.php?id=8213, N
The Hinterlands,Feathermane,Jetwing,https://www.wow-petopia.com/npc.php?id=16872, N
The Hinterlands,Bear,Ol' Muddle,https://www.wow-petopia.com/npc.php?id=107617, N
The Hinterlands,Wolf,Old Cliff Jumper,https://www.wow-petopia.com/npc.php?id=8211, N
The Hinterlands,Spider,Shadra,https://www.wow-petopia.com/npc.php?id=43007, N
Talador,Hydra,Gennadian,https://www.wow-petopia.com/npc.php?id=80471, Y
Talador,Warp Stalker,Gezz'ran,https://www.wow-petopia.com/npc.php?id=87086, N
Talador,Moth,Glimmerwing,https://www.wow-petopia.com/npc.php?id=77719, N
Talador,Riverbeast,Hammertooth,https://www.wow-petopia.com/npc.php?id=77715, N
Talador,Riverbeast,Hilaani,https://www.wow-petopia.com/npc.php?id=77431, Y
Talador,Carrion Bird,Hen-Mother Hami,https://www.wow-petopia.com/npc.php?id=77626, Y
Talador,Carrion Bird,Kil'uun,https://www.wow-petopia.com/npc.php?id=77430, Y
Talador,Spider,Klikixx,https://www.wow-petopia.com/npc.php?id=78872, Y
Talador,Spider,Taladorantula,https://www.wow-petopia.com/npc.php?id=77634, Y
Talador,Water Strider, No'losh,https://www.wow-petopia.com/npc.php?id=79334, Y
Talador,Cat,Ra'kahn,https://www.wow-petopia.com/npc.php?id=77741, Y
Talador,Cat,Sher'khaan,https://www.wow-petopia.com/npc.php?id=76687, N
Talador,Mammoth,Steeltusk,https://www.wow-petopia.com/npc.php?id=86549, Y
Blackfathom Deeps (Dungeon),Turtle,Ghamoo-Ra,https://www.wow-petopia.com/npc.php?id=74446, N
Blackfathom Deeps (Dungeon),Turtle,Pahboo-Ra,https://www.wow-petopia.com/npc.php?id=76954, N
Blackfathom Deeps (Dungeon),Crab,Guardian of the Deep,https://www.wow-petopia.com/npc.php?id=74508, N
The Underbog (Dungeon),Hydra,Ghaz'an,https://www.wow-petopia.com/npc.php?id=18105, N
The Underbog (Dungeon),Water Strider,The Black Stalker,https://www.wow-petopia.com/npc.php?id=17882, N
Abyssal Depths,Spirit Beast,Ghostcrawler,https://www.wow-petopia.com/npc.php?id=50051, N
Isle of Thunder,Turtle,Goda,https://www.wow-petopia.com/npc.php?id=69998, N
Isle of Thunder,Devilsaur,Kroshik,https://www.wow-petopia.com/npc.php?id=69218, N
Isle of Thunder,Lesser Dragonkin, Nalak,https://www.wow-petopia.com/npc.php?id=69099, N
Orgrimmar,Spirit Beast,Gon,https://www.wow-petopia.com/npc.php?id=121571, N
Zul'Drak,Spirit Beast,Gondria,https://www.wow-petopia.com/npc.php?id=33776, N
Zul'Drak,Spider,Terror Spinner,https://www.wow-petopia.com/npc.php?id=32475, N
Ashenvale,Tallstrider,Goodie,https://www.wow-petopia.com/npc.php?id=24740, N
Ashenvale,Wolf,Mist Howler,https://www.wow-petopia.com/npc.php?id=10644, N
Ashenvale,Feathermane,Sharptalon,https://www.wow-petopia.com/npc.php?id=12676, N
Ashenvale,Bear,Ursol'lok,https://www.wow-petopia.com/npc.php?id=12037, N
Ashenvale,Hydra,Vorsha the Lasher,https://www.wow-petopia.com/npc.php?id=12940, N
The Ringing Deeps,Carapid,Grimlurk,https://www.wow-petopia.com/npc.php?id=223091, N
The Ringing Deeps,Hopper,King Splash,https://www.wow-petopia.com/npc.php?id=220275, N
The Ringing Deeps,Spider,Queen Rickiticka,https://www.wow-petopia.com/npc.php?id=215772, N
The Ringing Deeps,Bat,The Ringing Death,https://www.wow-petopia.com/npc.php?id=214162, N
Battle of Dazar'alor (Raid),Gorilla,Grong,https://www.wow-petopia.com/npc.php?id=148117, N
Battle of Dazar'alor (Raid),Gorilla,Grong the Revenant,https://www.wow-petopia.com/npc.php?id=144638, N
Crypt of Forgotten Kings (Scenario),Stone Hound,Guardian of Sacrifice,https://www.wow-petopia.com/npc.php?id=71491, N
The Wandering Isle,Stone Hound,Guardian of the Elders,https://www.wow-petopia.com/npc.php?id=56274, N
The Wandering Isle,Lesser Dragonkin,Zhao-Ren,https://www.wow-petopia.com/npc.php?id=55874, N
Trial of Valor (Raid),Hound,Guarm,https://www.wow-petopia.com/npc.php?id=114323, N
The Storm Peaks,Spirit Beast,Hati,https://www.wow-petopia.com/npc.php?id=151133, N
The Storm Peaks,Spirit Beast,Hati,https://www.wow-petopia.com/npc.php?id=151144, N
The Storm Peaks,Spirit Beast,Hati,https://www.wow-petopia.com/npc.php?id=151145, N
The Storm Peaks,Spirit Beast,Hati,https://www.wow-petopia.com/npc.php?id=151147, N
The Storm Peaks,Spirit Beast,Hati,https://www.wow-petopia.com/npc.php?id=151148, N
The Storm Peaks,Spirit Beast,Hati,https://www.wow-petopia.com/npc.php?id=151149, N
The Storm Peaks,Spirit Beast,Skoll,https://www.wow-petopia.com/npc.php?id=35189, N
The Storm Peaks,Wolf,Oloh,https://www.wow-petopia.com/npc.php?id=30456, N
Ulduar,Spirit Beast,Hati,https://www.wow-petopia.com/npc.php?id=151096, N
Townlong Steppes,Lesser Dragonkin,Hei Feng,https://www.wow-petopia.com/npc.php?id=63920, N
Townlong Steppes,Shale Beast, Norvakess,https://www.wow-petopia.com/npc.php?id=62324, N
Townlong Steppes,Basilisk,Rockhide the Immovable,https://www.wow-petopia.com/npc.php?id=51013, N
Karazhan (Raid),Spider,Hyakiss the Lurker,https://www.wow-petopia.com/npc.php?id=16179, N
Karazhan (Raid),Hound,Rokad the Ravager,https://www.wow-petopia.com/npc.php?id=16181, N
Karazhan (Raid),Bat,Shadikith the Glider,https://www.wow-petopia.com/npc.php?id=16180, N
Amirdrassil (Dragon Isles Zone),Feathermane,Hyjal Stagbeak,https://www.wow-petopia.com/npc.php?id=216706, N
The Cape of Stranglethorn,Basilisk,Ironjaw Behemoth,https://www.wow-petopia.com/npc.php?id=44113, N
The Cape of Stranglethorn,Basilisk,Scale Belly,https://www.wow-petopia.com/npc.php?id=1552, N
The Cape of Stranglethorn,Gorilla,King Mukla,https://www.wow-petopia.com/npc.php?id=1559, N
The Cape of Stranglethorn,Gorilla,Konda,https://www.wow-petopia.com/npc.php?id=1516, N
The Cape of Stranglethorn,Gorilla,Kurmokk,https://www.wow-petopia.com/npc.php?id=14491, N
Operation: Mechagon (Dungeon),Mechanical,K.U.-J.0.,https://www.wow-petopia.com/npc.php?id=144246, N
Exile's Reach,Bear,Killclaw the Terrible,https://www.wow-petopia.com/npc.php?id=153266, N
Drak'Tharon Keep (Dungeon),Devilsaur,King Dred,https://www.wow-petopia.com/npc.php?id=27483, N
Siege of Orgrimmar (Raid),Aqiri,Kovok,https://www.wow-petopia.com/npc.php?id=72927, N
Siege of Orgrimmar (Raid),Devilsaur,Thok the Bloodthirsty,https://www.wow-petopia.com/npc.php?id=71529, N
Wailing Caverns (Dungeon),Turtle,Kresh,https://www.wow-petopia.com/npc.php?id=3653, N
Wailing Caverns (Dungeon),Hydra,Trigore the Lasher,https://www.wow-petopia.com/npc.php?id=3652, N
Eye of Azshara (Non-Instanced),Feathermane,Kveldulfnir,https://www.wow-petopia.com/npc.php?id=121625, N
Eye of Azshara (Non-Instanced),Feathermane,Mavarnir,https://www.wow-petopia.com/npc.php?id=121624, N
Eye of Azshara (Non-Instanced),Feathermane,Varoudnir,https://www.wow-petopia.com/npc.php?id=121623, N
Duskwood,Spirit Beast,Lightning Paw,https://www.wow-petopia.com/npc.php?id=118244, N
Duskwood,Wolf,Lupos,https://www.wow-petopia.com/npc.php?id=521, N
Duskwood,Spider, Naraxis,https://www.wow-petopia.com/npc.php?id=574, N
Molten Core (Raid),Core Hound,Magmadar,https://www.wow-petopia.com/npc.php?id=11982, N
Netherstorm,Hydra,Markaru,https://www.wow-petopia.com/npc.php?id=20775, N
Netherstorm,Chimaera, Nuramoc,https://www.wow-petopia.com/npc.php?id=20932, N
Netherstorm,Basilisk,Porfus the Gem Gorger,https://www.wow-petopia.com/npc.php?id=20783, N
Netherstorm,Devilsaur,Tyrantus,https://www.wow-petopia.com/npc.php?id=20931, N
Temple of Sethraliss (Dungeon),Serpent,Merektha,https://www.wow-petopia.com/npc.php?id=133384, N
The Fall of Shan Bu (Isle of Thunder) (Scenario),Lesser Dragonkin, Nalak,https://www.wow-petopia.com/npc.php?id=69562, N
Krokuun,Cat, Naroua,https://www.wow-petopia.com/npc.php?id=126419, N
The Emerald Nightmare (Raid),Spider, Nightmother,https://www.wow-petopia.com/npc.php?id=111980, N
Korthia,Scalehide, Nyemi,https://www.wow-petopia.com/npc.php?id=177334, N
Korthia,Hopper,Zelnithop,https://www.wow-petopia.com/npc.php?id=177336, N
The Deadmines (Dungeon),Bird of Prey,Ol' Beaky,https://www.wow-petopia.com/npc.php?id=48451, N
Maw of Souls (Dungeon),Bird of Prey,Plaguemaw,https://www.wow-petopia.com/npc.php?id=103045, N
Maw of Souls (Dungeon),Hound,Shroudseeker,https://www.wow-petopia.com/npc.php?id=103605, N
Icecrown Citadel (Raid),Hound,Precious,https://www.wow-petopia.com/npc.php?id=37217, N
Icecrown Citadel (Raid),Hound,Stinky,https://www.wow-petopia.com/npc.php?id=37025, N
Feralas; Silithus,Chimaera,Prince Lakma,https://www.wow-petopia.com/npc.php?id=54533, N
Firelands (Raid),Hound,Rageface,https://www.wow-petopia.com/npc.php?id=53695, N
Firelands (Raid),Hound,Riplimb,https://www.wow-petopia.com/npc.php?id=53694, N
Gate of the Setting Sun (Dungeon),Aqiri,Raigonn,https://www.wow-petopia.com/npc.php?id=56877, N
Kings' Rest (Dungeon),Raptor,Reban,https://www.wow-petopia.com/npc.php?id=136984, N
Kings' Rest (Dungeon),Raptor,T'zala,https://www.wow-petopia.com/npc.php?id=136976, N
Kings' Rest (Dungeon),Wind Serpent,The Golden Serpent,https://www.wow-petopia.com/npc.php?id=135322, N
Blade's Edge Mountains,Wolf,Rema,https://www.wow-petopia.com/npc.php?id=21956, N
Maraudon (Dungeon),Crocolisk,Rotgrip,https://www.wow-petopia.com/npc.php?id=13596, N
Skyreach (Dungeon),Bird of Prey,Rukhran,https://www.wow-petopia.com/npc.php?id=76143, N
Gilneas,Spider,Rygna,https://www.wow-petopia.com/npc.php?id=37045, N
Mac'Aree,Cat,Sabuul,https://www.wow-petopia.com/npc.php?id=126898, N
Mac'Aree,Warp Stalker,Umbraliss,https://www.wow-petopia.com/npc.php?id=126885, N
The Waking Shores,Crab,Scavenging Hullripper,https://www.wow-petopia.com/npc.php?id=193596, N
The Waking Shores,Carapid,Slurpo, the Incredible Snail,https://www.wow-petopia.com/npc.php?id=193175, N
Stormwind City,Crocolisk,Sewer Beast,https://www.wow-petopia.com/npc.php?id=3581, N
Vision of Stormwind (Scenario),Warp Stalker,Sewer Beastling,https://www.wow-petopia.com/npc.php?id=160341, N
The MOTHERLODE!! (Dungeon),Shale Beast,Shalebiter,https://www.wow-petopia.com/npc.php?id=134005, N
The Nighthold (Raid),Scorpid,Skorpyron,https://www.wow-petopia.com/npc.php?id=102263, N
Thaldraszus,Feathermane,Skyfeather Matriarch,https://www.wow-petopia.com/npc.php?id=199555, N
Broken Shore,Courser,Somber Dawn,https://www.wow-petopia.com/npc.php?id=121112, N
Tol Barad,Core Hound,Svarnos,https://www.wow-petopia.com/npc.php?id=47544, N
Tol Dagor (Dungeon),Carapid,The Sand Queen,https://www.wow-petopia.com/npc.php?id=127479, N
Siren Isle,Boar,Tracking Stonesniffer,https://www.wow-petopia.com/npc.php?id=230141, N
Zaralek Cavern,Rodent,Treasurewhiskers,https://www.wow-petopia.com/npc.php?id=205001, N
Blackrock Depths (Dungeon),Hound,Verek,https://www.wow-petopia.com/npc.php?id=9042, N
Westfall,Carrion Bird,Vultros,https://www.wow-petopia.com/npc.php?id=462, N
